scope,trained_asset,model,importance_type,feature,value,abs_value
asset_specific,KBE,GradientBoosting,feature_importance,return_lag_3,0.19502891571118056,0.19502891571118056
asset_specific,KBE,GradientBoosting,feature_importance,rolling_downside_squared_return_22d,0.11542445348782733,0.11542445348782733
asset_specific,KBE,GradientBoosting,feature_importance,return_lag_5,0.11504655987544182,0.11504655987544182
asset_specific,KBE,GradientBoosting,feature_importance,rolling_abs_return_22d,0.07096643728653608,0.07096643728653608
asset_specific,KBE,GradientBoosting,feature_importance,abs_return_lag_3,0.045040158290658085,0.045040158290658085
asset_specific,KBE,GradientBoosting,feature_importance,return_t,0.0415741172951762,0.0415741172951762
asset_specific,KBE,GradientBoosting,feature_importance,rolling_negative_share_5d,0.03773021766017987,0.03773021766017987
asset_specific,KBE,GradientBoosting,feature_importance,negative_squared_return_t,0.03452475219457495,0.03452475219457495
asset_specific,KBE,GradientBoosting,feature_importance,rolling_downside_squared_return_66d,0.03402032661222581,0.03402032661222581
asset_specific,KBE,GradientBoosting,feature_importance,rolling_abs_return_66d,0.031399336333057755,0.031399336333057755
asset_specific,KBE,GradientBoosting,feature_importance,return_lag_1,0.030168841052344065,0.030168841052344065
asset_specific,KBE,GradientBoosting,feature_importance,squared_return_lag_10,0.027087023314253136,0.027087023314253136
asset_specific,KBE,GradientBoosting,feature_importance,rolling_negative_share_66d,0.02390748933507056,0.02390748933507056
asset_specific,KBE,GradientBoosting,feature_importance,abs_return_lag_5,0.022113832899323824,0.022113832899323824
asset_specific,KBE,GradientBoosting,feature_importance,squared_return_lag_5,0.018836896272064984,0.018836896272064984
asset_specific,KBE,GradientBoosting,feature_importance,squared_return_lag_3,0.018743437810166713,0.018743437810166713
asset_specific,KBE,GradientBoosting,feature_importance,rolling_volatility_22d,0.01868731469439976,0.01868731469439976
asset_specific,KBE,GradientBoosting,feature_importance,rolling_abs_return_5d,0.016592153122292154,0.016592153122292154
asset_specific,KBE,GradientBoosting,feature_importance,return_lag_2,0.01427228776414584,0.01427228776414584
asset_specific,KBE,GradientBoosting,feature_importance,rolling_negative_share_22d,0.013822978500698926,0.013822978500698926
asset_specific,KBE,GradientBoosting,feature_importance,squared_return_lag_1,0.013422210404352845,0.013422210404352845
asset_specific,KBE,GradientBoosting,feature_importance,abs_return_lag_2,0.010365394850331855,0.010365394850331855
asset_specific,KBE,GradientBoosting,feature_importance,rolling_downside_squared_return_5d,0.009673926661612355,0.009673926661612355
asset_specific,KBE,GradientBoosting,feature_importance,rolling_mean_squared_return_22d,0.008405997693812213,0.008405997693812213
asset_specific,KBE,GradientBoosting,feature_importance,squared_return_lag_2,0.008272236753005658,0.008272236753005658
asset_specific,KBE,GradientBoosting,feature_importance,rolling_sum_squared_return_22d,0.007285053054000199,0.007285053054000199
asset_specific,KBE,GradientBoosting,feature_importance,squared_return_t,0.006577738277189164,0.006577738277189164
asset_specific,KBE,GradientBoosting,feature_importance,abs_return_lag_1,0.004780019959041901,0.004780019959041901
asset_specific,KBE,GradientBoosting,feature_importance,abs_return_t,0.004212653768004552,0.004212653768004552
asset_specific,KBE,GradientBoosting,feature_importance,rolling_mean_squared_return_66d,0.0010784511907071777,0.0010784511907071777
asset_specific,KBE,GradientBoosting,feature_importance,rolling_sum_squared_return_66d,0.0009387878763236109,0.0009387878763236109
asset_specific,KBE,GradientBoosting,feature_importance,negative_return_dummy_t,0.0,0.0
asset_specific,KBE,GradientBoosting,feature_importance,rolling_mean_squared_return_5d,0.0,0.0
asset_specific,KBE,GradientBoosting,feature_importance,rolling_sum_squared_return_5d,0.0,0.0
asset_specific,KBE,GradientBoosting,feature_importance,rolling_volatility_5d,0.0,0.0
asset_specific,KBE,GradientBoosting,feature_importance,rolling_volatility_66d,0.0,0.0
asset_specific,KBE,GradientBoosting,feature_importance,crisis_dummy,0.0,0.0
asset_specific,KBE,GradientBoosting,feature_importance,post_crisis_dummy,0.0,0.0
asset_specific,KBE,GradientBoosting,feature_importance,negative_x_crisis,0.0,0.0
asset_specific,KBE,GradientBoosting,feature_importance,negative_squared_x_crisis,0.0,0.0
asset_specific,KBE,LightGBM,feature_importance,rolling_downside_squared_return_22d,131.0,131.0
asset_specific,KBE,LightGBM,feature_importance,abs_return_lag_3,113.0,113.0
asset_specific,KBE,LightGBM,feature_importance,return_lag_3,95.0,95.0
asset_specific,KBE,LightGBM,feature_importance,return_t,79.0,79.0
asset_specific,KBE,LightGBM,feature_importance,return_lag_5,77.0,77.0
asset_specific,KBE,LightGBM,feature_importance,squared_return_lag_10,73.0,73.0
asset_specific,KBE,LightGBM,feature_importance,rolling_abs_return_22d,66.0,66.0
asset_specific,KBE,LightGBM,feature_importance,abs_return_lag_2,64.0,64.0
asset_specific,KBE,LightGBM,feature_importance,return_lag_2,63.0,63.0
asset_specific,KBE,LightGBM,feature_importance,rolling_abs_return_66d,59.0,59.0
asset_specific,KBE,LightGBM,feature_importance,rolling_mean_squared_return_22d,55.0,55.0
asset_specific,KBE,LightGBM,feature_importance,rolling_downside_squared_return_66d,52.0,52.0
asset_specific,KBE,LightGBM,feature_importance,abs_return_t,47.0,47.0
asset_specific,KBE,LightGBM,feature_importance,return_lag_1,45.0,45.0
asset_specific,KBE,LightGBM,feature_importance,rolling_negative_share_5d,45.0,45.0
asset_specific,KBE,LightGBM,feature_importance,rolling_downside_squared_return_5d,44.0,44.0
asset_specific,KBE,LightGBM,feature_importance,abs_return_lag_5,42.0,42.0
asset_specific,KBE,LightGBM,feature_importance,rolling_abs_return_5d,40.0,40.0
asset_specific,KBE,LightGBM,feature_importance,rolling_negative_share_66d,39.0,39.0
asset_specific,KBE,LightGBM,feature_importance,rolling_negative_share_22d,24.0,24.0
asset_specific,KBE,LightGBM,feature_importance,abs_return_lag_1,19.0,19.0
asset_specific,KBE,LightGBM,feature_importance,rolling_mean_squared_return_5d,14.0,14.0
asset_specific,KBE,LightGBM,feature_importance,rolling_mean_squared_return_66d,10.0,10.0
asset_specific,KBE,LightGBM,feature_importance,squared_return_t,0.0,0.0
asset_specific,KBE,LightGBM,feature_importance,negative_return_dummy_t,0.0,0.0
asset_specific,KBE,LightGBM,feature_importance,negative_squared_return_t,0.0,0.0
asset_specific,KBE,LightGBM,feature_importance,squared_return_lag_1,0.0,0.0
asset_specific,KBE,LightGBM,feature_importance,squared_return_lag_2,0.0,0.0
asset_specific,KBE,LightGBM,feature_importance,squared_return_lag_3,0.0,0.0
asset_specific,KBE,LightGBM,feature_importance,squared_return_lag_5,0.0,0.0
asset_specific,KBE,LightGBM,feature_importance,rolling_sum_squared_return_5d,0.0,0.0
asset_specific,KBE,LightGBM,feature_importance,rolling_volatility_5d,0.0,0.0
asset_specific,KBE,LightGBM,feature_importance,rolling_sum_squared_return_22d,0.0,0.0
asset_specific,KBE,LightGBM,feature_importance,rolling_volatility_22d,0.0,0.0
asset_specific,KBE,LightGBM,feature_importance,rolling_sum_squared_return_66d,0.0,0.0
asset_specific,KBE,LightGBM,feature_importance,rolling_volatility_66d,0.0,0.0
asset_specific,KBE,LightGBM,feature_importance,crisis_dummy,0.0,0.0
asset_specific,KBE,LightGBM,feature_importance,post_crisis_dummy,0.0,0.0
asset_specific,KBE,LightGBM,feature_importance,negative_x_crisis,0.0,0.0
asset_specific,KBE,LightGBM,feature_importance,negative_squared_x_crisis,0.0,0.0
asset_specific,KBE,RandomForest,feature_importance,return_lag_3,0.21674600627658225,0.21674600627658225
asset_specific,KBE,RandomForest,feature_importance,rolling_downside_squared_return_22d,0.1106061190135761,0.1106061190135761
asset_specific,KBE,RandomForest,feature_importance,rolling_negative_share_5d,0.08243803482527925,0.08243803482527925
asset_specific,KBE,RandomForest,feature_importance,return_lag_5,0.0692412956067314,0.0692412956067314
asset_specific,KBE,RandomForest,feature_importance,squared_return_lag_10,0.04475989010855802,0.04475989010855802
asset_specific,KBE,RandomForest,feature_importance,rolling_abs_return_22d,0.02788745586592858,0.02788745586592858
asset_specific,KBE,RandomForest,feature_importance,return_lag_2,0.024876349275349704,0.024876349275349704
asset_specific,KBE,RandomForest,feature_importance,abs_return_t,0.023924978177025647,0.023924978177025647
asset_specific,KBE,RandomForest,feature_importance,rolling_negative_share_22d,0.02322349183290928,0.02322349183290928
asset_specific,KBE,RandomForest,feature_importance,return_lag_1,0.022583032295480976,0.022583032295480976
asset_specific,KBE,RandomForest,feature_importance,squared_return_lag_1,0.022568933100300708,0.022568933100300708
asset_specific,KBE,RandomForest,feature_importance,rolling_sum_squared_return_22d,0.02223817608874317,0.02223817608874317
asset_specific,KBE,RandomForest,feature_importance,squared_return_t,0.02169657557445419,0.02169657557445419
asset_specific,KBE,RandomForest,feature_importance,rolling_downside_squared_return_66d,0.02075233598142391,0.02075233598142391
asset_specific,KBE,RandomForest,feature_importance,negative_squared_return_t,0.02043003025910333,0.02043003025910333
asset_specific,KBE,RandomForest,feature_importance,return_t,0.019969018030781993,0.019969018030781993
asset_specific,KBE,RandomForest,feature_importance,rolling_negative_share_66d,0.01946976460223107,0.01946976460223107
asset_specific,KBE,RandomForest,feature_importance,squared_return_lag_3,0.018726322611716598,0.018726322611716598
asset_specific,KBE,RandomForest,feature_importance,abs_return_lag_1,0.01850144719262714,0.01850144719262714
asset_specific,KBE,RandomForest,feature_importance,abs_return_lag_5,0.018393394976483766,0.018393394976483766
asset_specific,KBE,RandomForest,feature_importance,rolling_downside_squared_return_5d,0.017058980064006014,0.017058980064006014
asset_specific,KBE,RandomForest,feature_importance,rolling_abs_return_66d,0.01542738240701355,0.01542738240701355
asset_specific,KBE,RandomForest,feature_importance,rolling_mean_squared_return_22d,0.014099864318877015,0.014099864318877015
asset_specific,KBE,RandomForest,feature_importance,rolling_abs_return_5d,0.012953584732278497,0.012953584732278497
asset_specific,KBE,RandomForest,feature_importance,abs_return_lag_3,0.012047848588876002,0.012047848588876002
asset_specific,KBE,RandomForest,feature_importance,rolling_volatility_22d,0.01167772595746428,0.01167772595746428
asset_specific,KBE,RandomForest,feature_importance,squared_return_lag_5,0.011663530475553002,0.011663530475553002
asset_specific,KBE,RandomForest,feature_importance,rolling_volatility_5d,0.011214418163209831,0.011214418163209831
asset_specific,KBE,RandomForest,feature_importance,abs_return_lag_2,0.008362121790624661,0.008362121790624661
asset_specific,KBE,RandomForest,feature_importance,rolling_sum_squared_return_5d,0.007205535072962404,0.007205535072962404
asset_specific,KBE,RandomForest,feature_importance,squared_return_lag_2,0.006776693741047945,0.006776693741047945
asset_specific,KBE,RandomForest,feature_importance,rolling_mean_squared_return_5d,0.0059517046408070085,0.0059517046408070085
asset_specific,KBE,RandomForest,feature_importance,rolling_mean_squared_return_66d,0.005315669346312747,0.005315669346312747
asset_specific,KBE,RandomForest,feature_importance,rolling_sum_squared_return_66d,0.00412597335689457,0.00412597335689457
asset_specific,KBE,RandomForest,feature_importance,negative_return_dummy_t,0.003689090879793895,0.003689090879793895
asset_specific,KBE,RandomForest,feature_importance,rolling_volatility_66d,0.0033972247689914195,0.0033972247689914195
asset_specific,KBE,RandomForest,feature_importance,crisis_dummy,0.0,0.0
asset_specific,KBE,RandomForest,feature_importance,post_crisis_dummy,0.0,0.0
asset_specific,KBE,RandomForest,feature_importance,negative_x_crisis,0.0,0.0
asset_specific,KBE,RandomForest,feature_importance,negative_squared_x_crisis,0.0,0.0
asset_specific,KBE,Ridge,coefficient,rolling_volatility_66d,-1.2191649963033004,1.2191649963033004
asset_specific,KBE,Ridge,coefficient,rolling_volatility_22d,0.977469020710006,0.977469020710006
asset_specific,KBE,Ridge,coefficient,rolling_abs_return_66d,0.8080099217446721,0.8080099217446721
asset_specific,KBE,Ridge,coefficient,rolling_mean_squared_return_22d,-0.577316992422571,0.577316992422571
asset_specific,KBE,Ridge,coefficient,rolling_sum_squared_return_22d,-0.5773169924225576,0.5773169924225576
asset_specific,KBE,Ridge,coefficient,rolling_negative_share_66d,-0.3402471030389469,0.3402471030389469
asset_specific,KBE,Ridge,coefficient,rolling_negative_share_22d,0.2594547264892985,0.2594547264892985
asset_specific,KBE,Ridge,coefficient,squared_return_lag_5,0.2520526697697485,0.2520526697697485
asset_specific,KBE,Ridge,coefficient,rolling_volatility_5d,-0.23804704012441572,0.23804704012441572
asset_specific,KBE,Ridge,coefficient,rolling_downside_squared_return_22d,0.22268930399654038,0.22268930399654038
asset_specific,KBE,Ridge,coefficient,negative_return_dummy_t,0.21885151534481478,0.21885151534481478
asset_specific,KBE,Ridge,coefficient,rolling_abs_return_5d,0.20094013903346986,0.20094013903346986
asset_specific,KBE,Ridge,coefficient,rolling_abs_return_22d,0.19418249309134922,0.19418249309134922
asset_specific,KBE,Ridge,coefficient,abs_return_lag_5,-0.1902529445639814,0.1902529445639814
asset_specific,KBE,Ridge,coefficient,rolling_sum_squared_return_66d,0.1884769550027482,0.1884769550027482
asset_specific,KBE,Ridge,coefficient,rolling_mean_squared_return_66d,0.18847695500274605,0.18847695500274605
asset_specific,KBE,Ridge,coefficient,return_lag_5,-0.17600609528654282,0.17600609528654282
asset_specific,KBE,Ridge,coefficient,return_t,0.16184880956215342,0.16184880956215342
asset_specific,KBE,Ridge,coefficient,return_lag_3,-0.161447004593463,0.161447004593463
asset_specific,KBE,Ridge,coefficient,abs_return_t,-0.15535714532585052,0.15535714532585052
asset_specific,KBE,Ridge,coefficient,rolling_negative_share_5d,0.1222625521955648,0.1222625521955648
asset_specific,KBE,Ridge,coefficient,squared_return_lag_2,-0.10791120686490814,0.10791120686490814
asset_specific,KBE,Ridge,coefficient,squared_return_lag_1,-0.09619608416513112,0.09619608416513112
asset_specific,KBE,Ridge,coefficient,squared_return_lag_3,-0.09456660387056803,0.09456660387056803
asset_specific,KBE,Ridge,coefficient,abs_return_lag_2,-0.08083167719665284,0.08083167719665284
asset_specific,KBE,Ridge,coefficient,rolling_mean_squared_return_5d,0.06896972020483613,0.06896972020483613
asset_specific,KBE,Ridge,coefficient,rolling_sum_squared_return_5d,0.06896972020479222,0.06896972020479222
asset_specific,KBE,Ridge,coefficient,return_lag_2,0.0682822159784513,0.0682822159784513
asset_specific,KBE,Ridge,coefficient,negative_squared_return_t,0.0664551115026581,0.0664551115026581
asset_specific,KBE,Ridge,coefficient,abs_return_lag_1,-0.04149121706356352,0.04149121706356352
asset_specific,KBE,Ridge,coefficient,abs_return_lag_3,0.038684584975409594,0.038684584975409594
asset_specific,KBE,Ridge,coefficient,squared_return_t,-0.03794294467763922,0.03794294467763922
asset_specific,KBE,Ridge,coefficient,squared_return_lag_10,0.03536388430866202,0.03536388430866202
asset_specific,KBE,Ridge,coefficient,return_lag_1,-0.010113047241949684,0.010113047241949684
asset_specific,KBE,Ridge,coefficient,rolling_downside_squared_return_5d,-0.008991426367067741,0.008991426367067741
asset_specific,KBE,Ridge,coefficient,rolling_downside_squared_return_66d,-0.007348392017805101,0.007348392017805101
asset_specific,KBE,Ridge,coefficient,crisis_dummy,0.0,0.0
asset_specific,KBE,Ridge,coefficient,post_crisis_dummy,0.0,0.0
asset_specific,KBE,Ridge,coefficient,negative_x_crisis,0.0,0.0
asset_specific,KBE,Ridge,coefficient,negative_squared_x_crisis,0.0,0.0
asset_specific,KBE,XGBoost,feature_importance,rolling_mean_squared_return_66d,0.06812741607427597,0.06812741607427597
asset_specific,KBE,XGBoost,feature_importance,abs_return_t,0.05873014032840729,0.05873014032840729
asset_specific,KBE,XGBoost,feature_importance,return_lag_3,0.05428324267268181,0.05428324267268181
asset_specific,KBE,XGBoost,feature_importance,return_t,0.04848777875304222,0.04848777875304222
asset_specific,KBE,XGBoost,feature_importance,rolling_abs_return_22d,0.04821639880537987,0.04821639880537987
asset_specific,KBE,XGBoost,feature_importance,return_lag_5,0.04359728470444679,0.04359728470444679
asset_specific,KBE,XGBoost,feature_importance,rolling_downside_squared_return_22d,0.0410631038248539,0.0410631038248539
asset_specific,KBE,XGBoost,feature_importance,rolling_negative_share_5d,0.04011954739689827,0.04011954739689827
asset_specific,KBE,XGBoost,feature_importance,rolling_mean_squared_return_22d,0.03680788353085518,0.03680788353085518
asset_specific,KBE,XGBoost,feature_importance,rolling_downside_squared_return_66d,0.03429147228598595,0.03429147228598595
asset_specific,KBE,XGBoost,feature_importance,abs_return_lag_1,0.03404233232140541,0.03404233232140541
asset_specific,KBE,XGBoost,feature_importance,abs_return_lag_5,0.03305772691965103,0.03305772691965103
asset_specific,KBE,XGBoost,feature_importance,squared_return_lag_1,0.03252563998103142,0.03252563998103142
asset_specific,KBE,XGBoost,feature_importance,rolling_abs_return_66d,0.031799934804439545,0.031799934804439545
asset_specific,KBE,XGBoost,feature_importance,negative_squared_return_t,0.030504941940307617,0.030504941940307617
asset_specific,KBE,XGBoost,feature_importance,squared_return_lag_2,0.027771513909101486,0.027771513909101486
asset_specific,KBE,XGBoost,feature_importance,return_lag_1,0.02759305201470852,0.02759305201470852
asset_specific,KBE,XGBoost,feature_importance,return_lag_2,0.026680052280426025,0.026680052280426025
asset_specific,KBE,XGBoost,feature_importance,squared_return_lag_5,0.026414712890982628,0.026414712890982628
asset_specific,KBE,XGBoost,feature_importance,squared_return_lag_3,0.026230251416563988,0.026230251416563988
asset_specific,KBE,XGBoost,feature_importance,rolling_mean_squared_return_5d,0.025315046310424805,0.025315046310424805
asset_specific,KBE,XGBoost,feature_importance,rolling_abs_return_5d,0.02507367730140686,0.02507367730140686
asset_specific,KBE,XGBoost,feature_importance,abs_return_lag_3,0.024996893480420113,0.024996893480420113
asset_specific,KBE,XGBoost,feature_importance,squared_return_lag_10,0.024915413931012154,0.024915413931012154
asset_specific,KBE,XGBoost,feature_importance,abs_return_lag_2,0.024349501356482506,0.024349501356482506
asset_specific,KBE,XGBoost,feature_importance,rolling_downside_squared_return_5d,0.023473240435123444,0.023473240435123444
asset_specific,KBE,XGBoost,feature_importance,rolling_negative_share_66d,0.022649701684713364,0.022649701684713364
asset_specific,KBE,XGBoost,feature_importance,rolling_negative_share_22d,0.020395023748278618,0.020395023748278618
asset_specific,KBE,XGBoost,feature_importance,squared_return_t,0.019941849634051323,0.019941849634051323
asset_specific,KBE,XGBoost,feature_importance,rolling_sum_squared_return_22d,0.01389033067971468,0.01389033067971468
asset_specific,KBE,XGBoost,feature_importance,negative_return_dummy_t,0.004654884338378906,0.004654884338378906
asset_specific,KBE,XGBoost,feature_importance,rolling_sum_squared_return_5d,0.0,0.0
asset_specific,KBE,XGBoost,feature_importance,rolling_volatility_5d,0.0,0.0
asset_specific,KBE,XGBoost,feature_importance,rolling_volatility_22d,0.0,0.0
asset_specific,KBE,XGBoost,feature_importance,rolling_sum_squared_return_66d,0.0,0.0
asset_specific,KBE,XGBoost,feature_importance,rolling_volatility_66d,0.0,0.0
asset_specific,KBE,XGBoost,feature_importance,crisis_dummy,0.0,0.0
asset_specific,KBE,XGBoost,feature_importance,post_crisis_dummy,0.0,0.0
asset_specific,KBE,XGBoost,feature_importance,negative_x_crisis,0.0,0.0
asset_specific,KBE,XGBoost,feature_importance,negative_squared_x_crisis,0.0,0.0
asset_specific,SPY,GradientBoosting,feature_importance,rolling_abs_return_5d,0.29914289829043283,0.29914289829043283
asset_specific,SPY,GradientBoosting,feature_importance,squared_return_lag_10,0.103818589266333,0.103818589266333
asset_specific,SPY,GradientBoosting,feature_importance,rolling_mean_squared_return_5d,0.07859541558662714,0.07859541558662714
asset_specific,SPY,GradientBoosting,feature_importance,rolling_volatility_5d,0.07390754618228965,0.07390754618228965
asset_specific,SPY,GradientBoosting,feature_importance,rolling_downside_squared_return_22d,0.0670036058320349,0.0670036058320349
asset_specific,SPY,GradientBoosting,feature_importance,rolling_sum_squared_return_5d,0.06187209043120332,0.06187209043120332
asset_specific,SPY,GradientBoosting,feature_importance,rolling_negative_share_5d,0.0562164523698661,0.0562164523698661
asset_specific,SPY,GradientBoosting,feature_importance,return_lag_3,0.050775992432874215,0.050775992432874215
asset_specific,SPY,GradientBoosting,feature_importance,return_lag_5,0.037911541409508615,0.037911541409508615
asset_specific,SPY,GradientBoosting,feature_importance,return_lag_1,0.03184952249452235,0.03184952249452235
asset_specific,SPY,GradientBoosting,feature_importance,squared_return_lag_3,0.02002834018554474,0.02002834018554474
asset_specific,SPY,GradientBoosting,feature_importance,abs_return_lag_3,0.01928685098605699,0.01928685098605699
asset_specific,SPY,GradientBoosting,feature_importance,return_t,0.015515983594518539,0.015515983594518539
asset_specific,SPY,GradientBoosting,feature_importance,negative_squared_return_t,0.015321486124761025,0.015321486124761025
asset_specific,SPY,GradientBoosting,feature_importance,rolling_downside_squared_return_5d,0.014591548993421166,0.014591548993421166
asset_specific,SPY,GradientBoosting,feature_importance,rolling_abs_return_22d,0.014420047000535344,0.014420047000535344
asset_specific,SPY,GradientBoosting,feature_importance,rolling_abs_return_66d,0.009976706580786856,0.009976706580786856
asset_specific,SPY,GradientBoosting,feature_importance,squared_return_lag_1,0.009284588086084155,0.009284588086084155
asset_specific,SPY,GradientBoosting,feature_importance,rolling_sum_squared_return_22d,0.004161994195291812,0.004161994195291812
asset_specific,SPY,GradientBoosting,feature_importance,rolling_mean_squared_return_22d,0.003651437988833337,0.003651437988833337
asset_specific,SPY,GradientBoosting,feature_importance,rolling_volatility_22d,0.0035929243391728226,0.0035929243391728226
asset_specific,SPY,GradientBoosting,feature_importance,abs_return_lag_5,0.0035533494886511707,0.0035533494886511707
asset_specific,SPY,GradientBoosting,feature_importance,rolling_downside_squared_return_66d,0.0028326028204553166,0.0028326028204553166
asset_specific,SPY,GradientBoosting,feature_importance,squared_return_lag_5,0.0013822789566207121,0.0013822789566207121
asset_specific,SPY,GradientBoosting,feature_importance,rolling_negative_share_22d,0.0013062063635739425,0.0013062063635739425
asset_specific,SPY,GradientBoosting,feature_importance,abs_return_t,0.0,0.0
asset_specific,SPY,GradientBoosting,feature_importance,squared_return_t,0.0,0.0
asset_specific,SPY,GradientBoosting,feature_importance,negative_return_dummy_t,0.0,0.0
asset_specific,SPY,GradientBoosting,feature_importance,abs_return_lag_1,0.0,0.0
asset_specific,SPY,GradientBoosting,feature_importance,return_lag_2,0.0,0.0
asset_specific,SPY,GradientBoosting,feature_importance,abs_return_lag_2,0.0,0.0
asset_specific,SPY,GradientBoosting,feature_importance,squared_return_lag_2,0.0,0.0
asset_specific,SPY,GradientBoosting,feature_importance,rolling_mean_squared_return_66d,0.0,0.0
asset_specific,SPY,GradientBoosting,feature_importance,rolling_sum_squared_return_66d,0.0,0.0
asset_specific,SPY,GradientBoosting,feature_importance,rolling_volatility_66d,0.0,0.0
asset_specific,SPY,GradientBoosting,feature_importance,rolling_negative_share_66d,0.0,0.0
asset_specific,SPY,GradientBoosting,feature_importance,crisis_dummy,0.0,0.0
asset_specific,SPY,GradientBoosting,feature_importance,post_crisis_dummy,0.0,0.0
asset_specific,SPY,GradientBoosting,feature_importance,negative_x_crisis,0.0,0.0
asset_specific,SPY,GradientBoosting,feature_importance,negative_squared_x_crisis,0.0,0.0
asset_specific,SPY,LightGBM,feature_importance,abs_return_lag_5,180.0,180.0
asset_specific,SPY,LightGBM,feature_importance,rolling_abs_return_5d,152.0,152.0
asset_specific,SPY,LightGBM,feature_importance,rolling_mean_squared_return_5d,107.0,107.0
asset_specific,SPY,LightGBM,feature_importance,abs_return_lag_3,81.0,81.0
asset_specific,SPY,LightGBM,feature_importance,return_t,78.0,78.0
asset_specific,SPY,LightGBM,feature_importance,rolling_downside_squared_return_22d,62.0,62.0
asset_specific,SPY,LightGBM,feature_importance,return_lag_5,58.0,58.0
asset_specific,SPY,LightGBM,feature_importance,rolling_abs_return_22d,39.0,39.0
asset_specific,SPY,LightGBM,feature_importance,return_lag_3,37.0,37.0
asset_specific,SPY,LightGBM,feature_importance,rolling_downside_squared_return_5d,35.0,35.0
asset_specific,SPY,LightGBM,feature_importance,abs_return_t,32.0,32.0
asset_specific,SPY,LightGBM,feature_importance,return_lag_2,31.0,31.0
asset_specific,SPY,LightGBM,feature_importance,squared_return_lag_10,26.0,26.0
asset_specific,SPY,LightGBM,feature_importance,abs_return_lag_1,25.0,25.0
asset_specific,SPY,LightGBM,feature_importance,rolling_negative_share_5d,23.0,23.0
asset_specific,SPY,LightGBM,feature_importance,rolling_negative_share_22d,23.0,23.0
asset_specific,SPY,LightGBM,feature_importance,rolling_mean_squared_return_66d,18.0,18.0
asset_specific,SPY,LightGBM,feature_importance,return_lag_1,16.0,16.0
asset_specific,SPY,LightGBM,feature_importance,rolling_abs_return_66d,13.0,13.0
asset_specific,SPY,LightGBM,feature_importance,abs_return_lag_2,8.0,8.0
asset_specific,SPY,LightGBM,feature_importance,rolling_downside_squared_return_66d,7.0,7.0
asset_specific,SPY,LightGBM,feature_importance,rolling_mean_squared_return_22d,5.0,5.0
asset_specific,SPY,LightGBM,feature_importance,rolling_negative_share_66d,2.0,2.0
asset_specific,SPY,LightGBM,feature_importance,squared_return_t,0.0,0.0
asset_specific,SPY,LightGBM,feature_importance,negative_return_dummy_t,0.0,0.0
asset_specific,SPY,LightGBM,feature_importance,negative_squared_return_t,0.0,0.0
asset_specific,SPY,LightGBM,feature_importance,squared_return_lag_1,0.0,0.0
asset_specific,SPY,LightGBM,feature_importance,squared_return_lag_2,0.0,0.0
asset_specific,SPY,LightGBM,feature_importance,squared_return_lag_3,0.0,0.0
asset_specific,SPY,LightGBM,feature_importance,squared_return_lag_5,0.0,0.0
asset_specific,SPY,LightGBM,feature_importance,rolling_sum_squared_return_5d,0.0,0.0
asset_specific,SPY,LightGBM,feature_importance,rolling_volatility_5d,0.0,0.0
asset_specific,SPY,LightGBM,feature_importance,rolling_sum_squared_return_22d,0.0,0.0
asset_specific,SPY,LightGBM,feature_importance,rolling_volatility_22d,0.0,0.0
asset_specific,SPY,LightGBM,feature_importance,rolling_sum_squared_return_66d,0.0,0.0
asset_specific,SPY,LightGBM,feature_importance,rolling_volatility_66d,0.0,0.0
asset_specific,SPY,LightGBM,feature_importance,crisis_dummy,0.0,0.0
asset_specific,SPY,LightGBM,feature_importance,post_crisis_dummy,0.0,0.0
asset_specific,SPY,LightGBM,feature_importance,negative_x_crisis,0.0,0.0
asset_specific,SPY,LightGBM,feature_importance,negative_squared_x_crisis,0.0,0.0
asset_specific,SPY,RandomForest,feature_importance,rolling_downside_squared_return_22d,0.14146653926473726,0.14146653926473726
asset_specific,SPY,RandomForest,feature_importance,rolling_abs_return_5d,0.12217193686527464,0.12217193686527464
asset_specific,SPY,RandomForest,feature_importance,rolling_downside_squared_return_5d,0.07700186550253565,0.07700186550253565
asset_specific,SPY,RandomForest,feature_importance,rolling_negative_share_5d,0.07103993247247899,0.07103993247247899
asset_specific,SPY,RandomForest,feature_importance,return_lag_5,0.06135854558359237,0.06135854558359237
asset_specific,SPY,RandomForest,feature_importance,rolling_volatility_5d,0.055257282664404404,0.055257282664404404
asset_specific,SPY,RandomForest,feature_importance,squared_return_lag_10,0.053072798881193595,0.053072798881193595
asset_specific,SPY,RandomForest,feature_importance,rolling_mean_squared_return_5d,0.05265037391176817,0.05265037391176817
asset_specific,SPY,RandomForest,feature_importance,rolling_sum_squared_return_5d,0.05064505610361447,0.05064505610361447
asset_specific,SPY,RandomForest,feature_importance,return_lag_3,0.04497774521502279,0.04497774521502279
asset_specific,SPY,RandomForest,feature_importance,return_t,0.04338949095153907,0.04338949095153907
asset_specific,SPY,RandomForest,feature_importance,negative_squared_return_t,0.03419460376123173,0.03419460376123173
asset_specific,SPY,RandomForest,feature_importance,squared_return_lag_3,0.026137028072264253,0.026137028072264253
asset_specific,SPY,RandomForest,feature_importance,return_lag_2,0.024669229698850256,0.024669229698850256
asset_specific,SPY,RandomForest,feature_importance,abs_return_lag_3,0.014823062200414495,0.014823062200414495
asset_specific,SPY,RandomForest,feature_importance,return_lag_1,0.012472127328181114,0.012472127328181114
asset_specific,SPY,RandomForest,feature_importance,rolling_abs_return_22d,0.0121341177925624,0.0121341177925624
asset_specific,SPY,RandomForest,feature_importance,rolling_negative_share_22d,0.011347462440107208,0.011347462440107208
asset_specific,SPY,RandomForest,feature_importance,squared_return_lag_5,0.008768442604683159,0.008768442604683159
asset_specific,SPY,RandomForest,feature_importance,abs_return_lag_5,0.008658151635238228,0.008658151635238228
asset_specific,SPY,RandomForest,feature_importance,squared_return_lag_1,0.008423331858493066,0.008423331858493066
asset_specific,SPY,RandomForest,feature_importance,abs_return_lag_1,0.007205537655031104,0.007205537655031104
asset_specific,SPY,RandomForest,feature_importance,rolling_abs_return_66d,0.007033392214565467,0.007033392214565467
asset_specific,SPY,RandomForest,feature_importance,rolling_mean_squared_return_22d,0.006818071341667494,0.006818071341667494
asset_specific,SPY,RandomForest,feature_importance,rolling_negative_share_66d,0.006752884334704434,0.006752884334704434
asset_specific,SPY,RandomForest,feature_importance,squared_return_lag_2,0.005448311196753158,0.005448311196753158
asset_specific,SPY,RandomForest,feature_importance,abs_return_t,0.005070741868674904,0.005070741868674904
asset_specific,SPY,RandomForest,feature_importance,rolling_volatility_66d,0.004878388996989973,0.004878388996989973
asset_specific,SPY,RandomForest,feature_importance,rolling_downside_squared_return_66d,0.00479107701129661,0.00479107701129661
asset_specific,SPY,RandomForest,feature_importance,squared_return_t,0.004504615176671083,0.004504615176671083
asset_specific,SPY,RandomForest,feature_importance,abs_return_lag_2,0.00320652639160721,0.00320652639160721
asset_specific,SPY,RandomForest,feature_importance,rolling_volatility_22d,0.0025951167399653314,0.0025951167399653314
asset_specific,SPY,RandomForest,feature_importance,rolling_mean_squared_return_66d,0.0025621807968042778,0.0025621807968042778
asset_specific,SPY,RandomForest,feature_importance,rolling_sum_squared_return_22d,0.002388354934629729,0.002388354934629729
asset_specific,SPY,RandomForest,feature_importance,rolling_sum_squared_return_66d,0.0017645821222094873,0.0017645821222094873
asset_specific,SPY,RandomForest,feature_importance,negative_return_dummy_t,0.0003210944102423636,0.0003210944102423636
asset_specific,SPY,RandomForest,feature_importance,crisis_dummy,0.0,0.0
asset_specific,SPY,RandomForest,feature_importance,post_crisis_dummy,0.0,0.0
asset_specific,SPY,RandomForest,feature_importance,negative_x_crisis,0.0,0.0
asset_specific,SPY,RandomForest,feature_importance,negative_squared_x_crisis,0.0,0.0
asset_specific,SPY,Ridge,coefficient,rolling_volatility_22d,0.5533439489738148,0.5533439489738148
asset_specific,SPY,Ridge,coefficient,rolling_volatility_5d,-0.491579397673114,0.491579397673114
asset_specific,SPY,Ridge,coefficient,rolling_sum_squared_return_22d,-0.35636605787113135,0.35636605787113135
asset_specific,SPY,Ridge,coefficient,rolling_mean_squared_return_22d,-0.35636605787109527,0.35636605787109527
asset_specific,SPY,Ridge,coefficient,squared_return_t,-0.35481663927153806,0.35481663927153806
asset_specific,SPY,Ridge,coefficient,rolling_mean_squared_return_5d,0.35147412125456784,0.35147412125456784
asset_specific,SPY,Ridge,coefficient,rolling_sum_squared_return_5d,0.35147412125456096,0.35147412125456096
asset_specific,SPY,Ridge,coefficient,rolling_downside_squared_return_22d,0.2946637004938475,0.2946637004938475
asset_specific,SPY,Ridge,coefficient,squared_return_lag_1,-0.2661107952820811,0.2661107952820811
asset_specific,SPY,Ridge,coefficient,negative_squared_return_t,0.24299947732338523,0.24299947732338523
asset_specific,SPY,Ridge,coefficient,squared_return_lag_3,-0.17163119210254504,0.17163119210254504
asset_specific,SPY,Ridge,coefficient,abs_return_lag_1,0.15224310947079506,0.15224310947079506
asset_specific,SPY,Ridge,coefficient,return_lag_5,-0.13598421269186492,0.13598421269186492
asset_specific,SPY,Ridge,coefficient,squared_return_lag_5,-0.13504632161975402,0.13504632161975402
asset_specific,SPY,Ridge,coefficient,rolling_downside_squared_return_66d,0.12814984833776646,0.12814984833776646
asset_specific,SPY,Ridge,coefficient,return_lag_3,-0.11975696487108346,0.11975696487108346
asset_specific,SPY,Ridge,coefficient,rolling_abs_return_5d,-0.11784405631500948,0.11784405631500948
asset_specific,SPY,Ridge,coefficient,rolling_volatility_66d,0.10936921835809162,0.10936921835809162
asset_specific,SPY,Ridge,coefficient,rolling_mean_squared_return_66d,-0.1041175642188389,0.1041175642188389
asset_specific,SPY,Ridge,coefficient,rolling_sum_squared_return_66d,-0.10411756421882905,0.10411756421882905
asset_specific,SPY,Ridge,coefficient,abs_return_lag_3,0.10407536840315411,0.10407536840315411
asset_specific,SPY,Ridge,coefficient,rolling_downside_squared_return_5d,-0.09964500920001501,0.09964500920001501
asset_specific,SPY,Ridge,coefficient,rolling_negative_share_22d,0.08446813162889504,0.08446813162889504
asset_specific,SPY,Ridge,coefficient,abs_return_t,0.0818554951362469,0.0818554951362469
asset_specific,SPY,Ridge,coefficient,return_lag_1,-0.07875807667660105,0.07875807667660105
asset_specific,SPY,Ridge,coefficient,abs_return_lag_5,0.07591841661459514,0.07591841661459514
asset_specific,SPY,Ridge,coefficient,rolling_negative_share_5d,0.07142586316798728,0.07142586316798728
asset_specific,SPY,Ridge,coefficient,squared_return_lag_2,-0.06920551995411203,0.06920551995411203
asset_specific,SPY,Ridge,coefficient,return_t,0.06815322761993779,0.06815322761993779
asset_specific,SPY,Ridge,coefficient,negative_return_dummy_t,0.05904179080457804,0.05904179080457804
asset_specific,SPY,Ridge,coefficient,abs_return_lag_2,0.04072249758569587,0.04072249758569587
asset_specific,SPY,Ridge,coefficient,rolling_abs_return_22d,0.03157596080323085,0.03157596080323085
asset_specific,SPY,Ridge,coefficient,rolling_abs_return_66d,-0.031455856898091154,0.031455856898091154
asset_specific,SPY,Ridge,coefficient,squared_return_lag_10,0.027792672787170732,0.027792672787170732
asset_specific,SPY,Ridge,coefficient,rolling_negative_share_66d,-0.018519200806759693,0.018519200806759693
asset_specific,SPY,Ridge,coefficient,return_lag_2,-0.012249884148920176,0.012249884148920176
asset_specific,SPY,Ridge,coefficient,crisis_dummy,0.0,0.0
asset_specific,SPY,Ridge,coefficient,post_crisis_dummy,0.0,0.0
asset_specific,SPY,Ridge,coefficient,negative_x_crisis,0.0,0.0
asset_specific,SPY,Ridge,coefficient,negative_squared_x_crisis,0.0,0.0
asset_specific,SPY,XGBoost,feature_importance,squared_return_lag_10,0.10129500925540924,0.10129500925540924
asset_specific,SPY,XGBoost,feature_importance,rolling_mean_squared_return_66d,0.07998856157064438,0.07998856157064438
asset_specific,SPY,XGBoost,feature_importance,squared_return_lag_1,0.0647631585597992,0.0647631585597992
asset_specific,SPY,XGBoost,feature_importance,rolling_negative_share_5d,0.06162333860993385,0.06162333860993385
asset_specific,SPY,XGBoost,feature_importance,squared_return_lag_5,0.04488556087017059,0.04488556087017059
asset_specific,SPY,XGBoost,feature_importance,return_lag_3,0.042205218225717545,0.042205218225717545
asset_specific,SPY,XGBoost,feature_importance,abs_return_lag_3,0.042047854512929916,0.042047854512929916
asset_specific,SPY,XGBoost,feature_importance,rolling_abs_return_66d,0.04192155972123146,0.04192155972123146
asset_specific,SPY,XGBoost,feature_importance,rolling_abs_return_22d,0.03621970862150192,0.03621970862150192
asset_specific,SPY,XGBoost,feature_importance,rolling_downside_squared_return_5d,0.03609129413962364,0.03609129413962364
asset_specific,SPY,XGBoost,feature_importance,squared_return_lag_2,0.035374030470848083,0.035374030470848083
asset_specific,SPY,XGBoost,feature_importance,rolling_sum_squared_return_5d,0.03402533009648323,0.03402533009648323
asset_specific,SPY,XGBoost,feature_importance,return_lag_1,0.03335791453719139,0.03335791453719139
asset_specific,SPY,XGBoost,feature_importance,rolling_mean_squared_return_22d,0.03296499699354172,0.03296499699354172
asset_specific,SPY,XGBoost,feature_importance,abs_return_lag_5,0.027824219316244125,0.027824219316244125
asset_specific,SPY,XGBoost,feature_importance,abs_return_lag_1,0.02757294476032257,0.02757294476032257
asset_specific,SPY,XGBoost,feature_importance,rolling_downside_squared_return_22d,0.027546249330043793,0.027546249330043793
asset_specific,SPY,XGBoost,feature_importance,rolling_mean_squared_return_5d,0.025777122005820274,0.025777122005820274
asset_specific,SPY,XGBoost,feature_importance,negative_squared_return_t,0.02433493360877037,0.02433493360877037
asset_specific,SPY,XGBoost,feature_importance,squared_return_lag_3,0.022845670580863953,0.022845670580863953
asset_specific,SPY,XGBoost,feature_importance,rolling_abs_return_5d,0.02262880839407444,0.02262880839407444
asset_specific,SPY,XGBoost,feature_importance,return_t,0.021104488521814346,0.021104488521814346
asset_specific,SPY,XGBoost,feature_importance,rolling_downside_squared_return_66d,0.020605722442269325,0.020605722442269325
asset_specific,SPY,XGBoost,feature_importance,abs_return_lag_2,0.018442541360855103,0.018442541360855103
asset_specific,SPY,XGBoost,feature_importance,return_lag_5,0.015577524900436401,0.015577524900436401
asset_specific,SPY,XGBoost,feature_importance,return_lag_2,0.015105227008461952,0.015105227008461952
asset_specific,SPY,XGBoost,feature_importance,rolling_negative_share_22d,0.014151272363960743,0.014151272363960743
asset_specific,SPY,XGBoost,feature_importance,rolling_volatility_5d,0.014111808501183987,0.014111808501183987
asset_specific,SPY,XGBoost,feature_importance,abs_return_t,0.009910006076097488,0.009910006076097488
asset_specific,SPY,XGBoost,feature_importance,rolling_sum_squared_return_22d,0.005697977729141712,0.005697977729141712
asset_specific,SPY,XGBoost,feature_importance,squared_return_t,0.0,0.0
asset_specific,SPY,XGBoost,feature_importance,negative_return_dummy_t,0.0,0.0
asset_specific,SPY,XGBoost,feature_importance,rolling_volatility_22d,0.0,0.0
asset_specific,SPY,XGBoost,feature_importance,rolling_sum_squared_return_66d,0.0,0.0
asset_specific,SPY,XGBoost,feature_importance,rolling_volatility_66d,0.0,0.0
asset_specific,SPY,XGBoost,feature_importance,rolling_negative_share_66d,0.0,0.0
asset_specific,SPY,XGBoost,feature_importance,crisis_dummy,0.0,0.0
asset_specific,SPY,XGBoost,feature_importance,post_crisis_dummy,0.0,0.0
asset_specific,SPY,XGBoost,feature_importance,negative_x_crisis,0.0,0.0
asset_specific,SPY,XGBoost,feature_importance,negative_squared_x_crisis,0.0,0.0
asset_specific,XLF,GradientBoosting,feature_importance,return_lag_1,0.16912829914842534,0.16912829914842534
asset_specific,XLF,GradientBoosting,feature_importance,rolling_downside_squared_return_22d,0.11039384494279933,0.11039384494279933
asset_specific,XLF,GradientBoosting,feature_importance,squared_return_lag_5,0.09889655274798836,0.09889655274798836
asset_specific,XLF,GradientBoosting,feature_importance,abs_return_lag_5,0.09055034091436157,0.09055034091436157
asset_specific,XLF,GradientBoosting,feature_importance,squared_return_lag_10,0.05107480587631573,0.05107480587631573
asset_specific,XLF,GradientBoosting,feature_importance,rolling_mean_squared_return_22d,0.05055933494101084,0.05055933494101084
asset_specific,XLF,GradientBoosting,feature_importance,return_lag_5,0.0502126249027156,0.0502126249027156
asset_specific,XLF,GradientBoosting,feature_importance,return_lag_3,0.05010341390726692,0.05010341390726692
asset_specific,XLF,GradientBoosting,feature_importance,return_lag_2,0.03755367198391308,0.03755367198391308
asset_specific,XLF,GradientBoosting,feature_importance,rolling_downside_squared_return_5d,0.035503745834998,0.035503745834998
asset_specific,XLF,GradientBoosting,feature_importance,negative_squared_return_t,0.029750844781464985,0.029750844781464985
asset_specific,XLF,GradientBoosting,feature_importance,rolling_negative_share_5d,0.025631640390405046,0.025631640390405046
asset_specific,XLF,GradientBoosting,feature_importance,rolling_negative_share_22d,0.02235984688339156,0.02235984688339156
asset_specific,XLF,GradientBoosting,feature_importance,rolling_sum_squared_return_22d,0.020948991824695423,0.020948991824695423
asset_specific,XLF,GradientBoosting,feature_importance,return_t,0.019499555346573612,0.019499555346573612
asset_specific,XLF,GradientBoosting,feature_importance,rolling_abs_return_5d,0.019187981483424255,0.019187981483424255
asset_specific,XLF,GradientBoosting,feature_importance,squared_return_lag_2,0.017182248070206102,0.017182248070206102
asset_specific,XLF,GradientBoosting,feature_importance,rolling_volatility_22d,0.015280884388802748,0.015280884388802748
asset_specific,XLF,GradientBoosting,feature_importance,abs_return_lag_2,0.01460636679725871,0.01460636679725871
asset_specific,XLF,GradientBoosting,feature_importance,abs_return_lag_3,0.012332093330825987,0.012332093330825987
asset_specific,XLF,GradientBoosting,feature_importance,squared_return_t,0.010858135982713818,0.010858135982713818
asset_specific,XLF,GradientBoosting,feature_importance,rolling_abs_return_66d,0.010820649836004064,0.010820649836004064
asset_specific,XLF,GradientBoosting,feature_importance,squared_return_lag_1,0.008361211377092854,0.008361211377092854
asset_specific,XLF,GradientBoosting,feature_importance,squared_return_lag_3,0.007938998191355006,0.007938998191355006
asset_specific,XLF,GradientBoosting,feature_importance,abs_return_lag_1,0.006914445750652367,0.006914445750652367
asset_specific,XLF,GradientBoosting,feature_importance,rolling_negative_share_66d,0.005114061910617851,0.005114061910617851
asset_specific,XLF,GradientBoosting,feature_importance,abs_return_t,0.0035656253639533447,0.0035656253639533447
asset_specific,XLF,GradientBoosting,feature_importance,rolling_abs_return_22d,0.0031200643824226106,0.0031200643824226106
asset_specific,XLF,GradientBoosting,feature_importance,rolling_sum_squared_return_5d,0.0011090490494671628,0.0011090490494671628
asset_specific,XLF,GradientBoosting,feature_importance,rolling_volatility_5d,0.0007729741898085315,0.0007729741898085315
asset_specific,XLF,GradientBoosting,feature_importance,rolling_mean_squared_return_5d,0.0006676954690691578,0.0006676954690691578
asset_specific,XLF,GradientBoosting,feature_importance,negative_return_dummy_t,0.0,0.0
asset_specific,XLF,GradientBoosting,feature_importance,rolling_mean_squared_return_66d,0.0,0.0
asset_specific,XLF,GradientBoosting,feature_importance,rolling_sum_squared_return_66d,0.0,0.0
asset_specific,XLF,GradientBoosting,feature_importance,rolling_volatility_66d,0.0,0.0
asset_specific,XLF,GradientBoosting,feature_importance,rolling_downside_squared_return_66d,0.0,0.0
asset_specific,XLF,GradientBoosting,feature_importance,crisis_dummy,0.0,0.0
asset_specific,XLF,GradientBoosting,feature_importance,post_crisis_dummy,0.0,0.0
asset_specific,XLF,GradientBoosting,feature_importance,negative_x_crisis,0.0,0.0
asset_specific,XLF,GradientBoosting,feature_importance,negative_squared_x_crisis,0.0,0.0
asset_specific,XLF,LightGBM,feature_importance,abs_return_lag_5,244.0,244.0
asset_specific,XLF,LightGBM,feature_importance,rolling_negative_share_5d,92.0,92.0
asset_specific,XLF,LightGBM,feature_importance,return_lag_3,87.0,87.0
asset_specific,XLF,LightGBM,feature_importance,return_lag_1,80.0,80.0
asset_specific,XLF,LightGBM,feature_importance,return_lag_5,77.0,77.0
asset_specific,XLF,LightGBM,feature_importance,rolling_downside_squared_return_22d,73.0,73.0
asset_specific,XLF,LightGBM,feature_importance,rolling_downside_squared_return_5d,67.0,67.0
asset_specific,XLF,LightGBM,feature_importance,abs_return_t,62.0,62.0
asset_specific,XLF,LightGBM,feature_importance,abs_return_lag_1,61.0,61.0
asset_specific,XLF,LightGBM,feature_importance,squared_return_lag_10,54.0,54.0
asset_specific,XLF,LightGBM,feature_importance,return_lag_2,44.0,44.0
asset_specific,XLF,LightGBM,feature_importance,abs_return_lag_3,36.0,36.0
asset_specific,XLF,LightGBM,feature_importance,rolling_abs_return_5d,36.0,36.0
asset_specific,XLF,LightGBM,feature_importance,return_t,35.0,35.0
asset_specific,XLF,LightGBM,feature_importance,abs_return_lag_2,26.0,26.0
asset_specific,XLF,LightGBM,feature_importance,rolling_negative_share_22d,24.0,24.0
asset_specific,XLF,LightGBM,feature_importance,rolling_mean_squared_return_66d,22.0,22.0
asset_specific,XLF,LightGBM,feature_importance,rolling_mean_squared_return_5d,20.0,20.0
asset_specific,XLF,LightGBM,feature_importance,rolling_mean_squared_return_22d,19.0,19.0
asset_specific,XLF,LightGBM,feature_importance,rolling_abs_return_66d,13.0,13.0
asset_specific,XLF,LightGBM,feature_importance,rolling_abs_return_22d,6.0,6.0
asset_specific,XLF,LightGBM,feature_importance,rolling_downside_squared_return_66d,6.0,6.0
asset_specific,XLF,LightGBM,feature_importance,rolling_negative_share_66d,3.0,3.0
asset_specific,XLF,LightGBM,feature_importance,squared_return_t,0.0,0.0
asset_specific,XLF,LightGBM,feature_importance,negative_return_dummy_t,0.0,0.0
asset_specific,XLF,LightGBM,feature_importance,negative_squared_return_t,0.0,0.0
asset_specific,XLF,LightGBM,feature_importance,squared_return_lag_1,0.0,0.0
asset_specific,XLF,LightGBM,feature_importance,squared_return_lag_2,0.0,0.0
asset_specific,XLF,LightGBM,feature_importance,squared_return_lag_3,0.0,0.0
asset_specific,XLF,LightGBM,feature_importance,squared_return_lag_5,0.0,0.0
asset_specific,XLF,LightGBM,feature_importance,rolling_sum_squared_return_5d,0.0,0.0
asset_specific,XLF,LightGBM,feature_importance,rolling_volatility_5d,0.0,0.0
asset_specific,XLF,LightGBM,feature_importance,rolling_sum_squared_return_22d,0.0,0.0
asset_specific,XLF,LightGBM,feature_importance,rolling_volatility_22d,0.0,0.0
asset_specific,XLF,LightGBM,feature_importance,rolling_sum_squared_return_66d,0.0,0.0
asset_specific,XLF,LightGBM,feature_importance,rolling_volatility_66d,0.0,0.0
asset_specific,XLF,LightGBM,feature_importance,crisis_dummy,0.0,0.0
asset_specific,XLF,LightGBM,feature_importance,post_crisis_dummy,0.0,0.0
asset_specific,XLF,LightGBM,feature_importance,negative_x_crisis,0.0,0.0
asset_specific,XLF,LightGBM,feature_importance,negative_squared_x_crisis,0.0,0.0
asset_specific,XLF,RandomForest,feature_importance,rolling_downside_squared_return_22d,0.15825483703721632,0.15825483703721632
asset_specific,XLF,RandomForest,feature_importance,abs_return_lag_5,0.1460170819010872,0.1460170819010872
asset_specific,XLF,RandomForest,feature_importance,squared_return_lag_5,0.13183667164913632,0.13183667164913632
asset_specific,XLF,RandomForest,feature_importance,return_lag_3,0.09634608608525155,0.09634608608525155
asset_specific,XLF,RandomForest,feature_importance,return_lag_5,0.04600579384274482,0.04600579384274482
asset_specific,XLF,RandomForest,feature_importance,return_lag_1,0.03666654913560954,0.03666654913560954
asset_specific,XLF,RandomForest,feature_importance,rolling_downside_squared_return_5d,0.03544210774972901,0.03544210774972901
asset_specific,XLF,RandomForest,feature_importance,abs_return_lag_3,0.02426924224565649,0.02426924224565649
asset_specific,XLF,RandomForest,feature_importance,rolling_abs_return_5d,0.023661631159402848,0.023661631159402848
asset_specific,XLF,RandomForest,feature_importance,squared_return_lag_10,0.023542709637747787,0.023542709637747787
asset_specific,XLF,RandomForest,feature_importance,rolling_negative_share_22d,0.023035523047989993,0.023035523047989993
asset_specific,XLF,RandomForest,feature_importance,rolling_abs_return_66d,0.021784003295226197,0.021784003295226197
asset_specific,XLF,RandomForest,feature_importance,squared_return_lag_3,0.020185054924736646,0.020185054924736646
asset_specific,XLF,RandomForest,feature_importance,rolling_negative_share_5d,0.018769339514917268,0.018769339514917268
asset_specific,XLF,RandomForest,feature_importance,return_t,0.01718211687798146,0.01718211687798146
asset_specific,XLF,RandomForest,feature_importance,rolling_abs_return_22d,0.01696004289164125,0.01696004289164125
asset_specific,XLF,RandomForest,feature_importance,return_lag_2,0.016855426605939975,0.016855426605939975
asset_specific,XLF,RandomForest,feature_importance,rolling_sum_squared_return_22d,0.013912318803105547,0.013912318803105547
asset_specific,XLF,RandomForest,feature_importance,squared_return_lag_1,0.013684865283272512,0.013684865283272512
asset_specific,XLF,RandomForest,feature_importance,rolling_mean_squared_return_5d,0.013444483966363645,0.013444483966363645
asset_specific,XLF,RandomForest,feature_importance,abs_return_lag_1,0.011587109642836302,0.011587109642836302
asset_specific,XLF,RandomForest,feature_importance,rolling_volatility_22d,0.011045615808963944,0.011045615808963944
asset_specific,XLF,RandomForest,feature_importance,rolling_volatility_5d,0.010424971757715009,0.010424971757715009
asset_specific,XLF,RandomForest,feature_importance,rolling_mean_squared_return_22d,0.009813995990857758,0.009813995990857758
asset_specific,XLF,RandomForest,feature_importance,squared_return_t,0.00832398880503026,0.00832398880503026
asset_specific,XLF,RandomForest,feature_importance,abs_return_t,0.008272260578269531,0.008272260578269531
asset_specific,XLF,RandomForest,feature_importance,rolling_downside_squared_return_66d,0.008062798035188007,0.008062798035188007
asset_specific,XLF,RandomForest,feature_importance,negative_squared_return_t,0.007089644323692734,0.007089644323692734
asset_specific,XLF,RandomForest,feature_importance,rolling_sum_squared_return_5d,0.005810883567052496,0.005810883567052496
asset_specific,XLF,RandomForest,feature_importance,rolling_sum_squared_return_66d,0.004101175454381783,0.004101175454381783
asset_specific,XLF,RandomForest,feature_importance,abs_return_lag_2,0.004093193878868238,0.004093193878868238
asset_specific,XLF,RandomForest,feature_importance,squared_return_lag_2,0.003966759533467964,0.003966759533467964
asset_specific,XLF,RandomForest,feature_importance,rolling_volatility_66d,0.0035548855490198355,0.0035548855490198355
asset_specific,XLF,RandomForest,feature_importance,rolling_mean_squared_return_66d,0.0030261801590091373,0.0030261801590091373
asset_specific,XLF,RandomForest,feature_importance,rolling_negative_share_66d,0.0016359188604187641,0.0016359188604187641
asset_specific,XLF,RandomForest,feature_importance,negative_return_dummy_t,0.0013347324004719544,0.0013347324004719544
asset_specific,XLF,RandomForest,feature_importance,crisis_dummy,0.0,0.0
asset_specific,XLF,RandomForest,feature_importance,post_crisis_dummy,0.0,0.0
asset_specific,XLF,RandomForest,feature_importance,negative_x_crisis,0.0,0.0
asset_specific,XLF,RandomForest,feature_importance,negative_squared_x_crisis,0.0,0.0
asset_specific,XLF,Ridge,coefficient,rolling_volatility_22d,1.1538393069405293,1.1538393069405293
asset_specific,XLF,Ridge,coefficient,rolling_mean_squared_return_66d,-0.6921001811182957,0.6921001811182957
asset_specific,XLF,Ridge,coefficient,rolling_sum_squared_return_66d,-0.6921001811181923,0.6921001811181923
asset_specific,XLF,Ridge,coefficient,rolling_downside_squared_return_66d,0.618471498744242,0.618471498744242
asset_specific,XLF,Ridge,coefficient,rolling_abs_return_66d,0.5429843978823836,0.5429843978823836
asset_specific,XLF,Ridge,coefficient,rolling_abs_return_22d,-0.4832792621909204,0.4832792621909204
asset_specific,XLF,Ridge,coefficient,rolling_sum_squared_return_22d,-0.440669201945153,0.440669201945153
asset_specific,XLF,Ridge,coefficient,rolling_mean_squared_return_22d,-0.4406692019451091,0.4406692019451091
asset_specific,XLF,Ridge,coefficient,rolling_downside_squared_return_22d,0.4277013520956054,0.4277013520956054
asset_specific,XLF,Ridge,coefficient,rolling_volatility_66d,0.4051928487157149,0.4051928487157149
asset_specific,XLF,Ridge,coefficient,rolling_volatility_5d,-0.36407010120221556,0.36407010120221556
asset_specific,XLF,Ridge,coefficient,rolling_mean_squared_return_5d,0.3560342898945947,0.3560342898945947
asset_specific,XLF,Ridge,coefficient,rolling_sum_squared_return_5d,0.3560342898945242,0.3560342898945242
asset_specific,XLF,Ridge,coefficient,squared_return_lag_3,-0.3080768876963836,0.3080768876963836
asset_specific,XLF,Ridge,coefficient,squared_return_lag_1,-0.26307570699851374,0.26307570699851374
asset_specific,XLF,Ridge,coefficient,abs_return_lag_3,0.2481993258609235,0.2481993258609235
asset_specific,XLF,Ridge,coefficient,squared_return_t,-0.23731547130302275,0.23731547130302275
asset_specific,XLF,Ridge,coefficient,rolling_downside_squared_return_5d,-0.2267489455712961,0.2267489455712961
asset_specific,XLF,Ridge,coefficient,rolling_negative_share_66d,-0.2162933482012118,0.2162933482012118
asset_specific,XLF,Ridge,coefficient,return_lag_3,-0.21439944987113932,0.21439944987113932
asset_specific,XLF,Ridge,coefficient,squared_return_lag_2,-0.20140856525333325,0.20140856525333325
asset_specific,XLF,Ridge,coefficient,return_t,-0.19972397458747804,0.19972397458747804
asset_specific,XLF,Ridge,coefficient,return_lag_5,-0.17175469654164113,0.17175469654164113
asset_specific,XLF,Ridge,coefficient,rolling_negative_share_5d,0.1580539163162737,0.1580539163162737
asset_specific,XLF,Ridge,coefficient,rolling_abs_return_5d,-0.12442431205996393,0.12442431205996393
asset_specific,XLF,Ridge,coefficient,return_lag_1,-0.11562591092713194,0.11562591092713194
asset_specific,XLF,Ridge,coefficient,rolling_negative_share_22d,0.08692126999269371,0.08692126999269371
asset_specific,XLF,Ridge,coefficient,negative_return_dummy_t,-0.08380833044802731,0.08380833044802731
asset_specific,XLF,Ridge,coefficient,abs_return_lag_5,-0.07588601140529516,0.07588601140529516
asset_specific,XLF,Ridge,coefficient,negative_squared_return_t,0.07464120425751364,0.07464120425751364
asset_specific,XLF,Ridge,coefficient,return_lag_2,-0.07096281702458027,0.07096281702458027
asset_specific,XLF,Ridge,coefficient,abs_return_lag_1,0.06815595286429364,0.06815595286429364
asset_specific,XLF,Ridge,coefficient,abs_return_t,0.035541638740638926,0.035541638740638926
asset_specific,XLF,Ridge,coefficient,squared_return_lag_10,-0.02286026041297417,0.02286026041297417
asset_specific,XLF,Ridge,coefficient,abs_return_lag_2,0.01940420543987081,0.01940420543987081
asset_specific,XLF,Ridge,coefficient,squared_return_lag_5,-0.00416306405895037,0.00416306405895037
asset_specific,XLF,Ridge,coefficient,crisis_dummy,0.0,0.0
asset_specific,XLF,Ridge,coefficient,post_crisis_dummy,0.0,0.0
asset_specific,XLF,Ridge,coefficient,negative_x_crisis,0.0,0.0
asset_specific,XLF,Ridge,coefficient,negative_squared_x_crisis,0.0,0.0
asset_specific,XLF,XGBoost,feature_importance,return_lag_2,0.11170630902051926,0.11170630902051926
asset_specific,XLF,XGBoost,feature_importance,return_lag_1,0.08611444383859634,0.08611444383859634
asset_specific,XLF,XGBoost,feature_importance,abs_return_lag_3,0.06599614769220352,0.06599614769220352
asset_specific,XLF,XGBoost,feature_importance,rolling_mean_squared_return_22d,0.05723842978477478,0.05723842978477478
asset_specific,XLF,XGBoost,feature_importance,abs_return_lag_5,0.05422735959291458,0.05422735959291458
asset_specific,XLF,XGBoost,feature_importance,rolling_downside_squared_return_22d,0.04667990282177925,0.04667990282177925
asset_specific,XLF,XGBoost,feature_importance,rolling_negative_share_5d,0.046474259346723557,0.046474259346723557
asset_specific,XLF,XGBoost,feature_importance,squared_return_lag_5,0.04248643293976784,0.04248643293976784
asset_specific,XLF,XGBoost,feature_importance,return_lag_5,0.04174238443374634,0.04174238443374634
asset_specific,XLF,XGBoost,feature_importance,return_lag_3,0.039298538118600845,0.039298538118600845
asset_specific,XLF,XGBoost,feature_importance,return_t,0.0359368696808815,0.0359368696808815
asset_specific,XLF,XGBoost,feature_importance,rolling_negative_share_22d,0.03499935194849968,0.03499935194849968
asset_specific,XLF,XGBoost,feature_importance,abs_return_lag_2,0.03394574299454689,0.03394574299454689
asset_specific,XLF,XGBoost,feature_importance,rolling_abs_return_22d,0.031911369413137436,0.031911369413137436
asset_specific,XLF,XGBoost,feature_importance,negative_squared_return_t,0.027938395738601685,0.027938395738601685
asset_specific,XLF,XGBoost,feature_importance,rolling_abs_return_66d,0.024005351588129997,0.024005351588129997
asset_specific,XLF,XGBoost,feature_importance,abs_return_lag_1,0.02316555753350258,0.02316555753350258
asset_specific,XLF,XGBoost,feature_importance,squared_return_lag_10,0.023111652582883835,0.023111652582883835
asset_specific,XLF,XGBoost,feature_importance,rolling_downside_squared_return_5d,0.022929752245545387,0.022929752245545387
asset_specific,XLF,XGBoost,feature_importance,squared_return_t,0.022407513111829758,0.022407513111829758
asset_specific,XLF,XGBoost,feature_importance,squared_return_lag_1,0.02118338644504547,0.02118338644504547
asset_specific,XLF,XGBoost,feature_importance,rolling_abs_return_5d,0.020545581355690956,0.020545581355690956
asset_specific,XLF,XGBoost,feature_importance,abs_return_t,0.019605496898293495,0.019605496898293495
asset_specific,XLF,XGBoost,feature_importance,rolling_mean_squared_return_5d,0.01738160103559494,0.01738160103559494
asset_specific,XLF,XGBoost,feature_importance,squared_return_lag_3,0.016343850642442703,0.016343850642442703
asset_specific,XLF,XGBoost,feature_importance,rolling_downside_squared_return_66d,0.01539766974747181,0.01539766974747181
asset_specific,XLF,XGBoost,feature_importance,rolling_negative_share_66d,0.014085682108998299,0.014085682108998299
asset_specific,XLF,XGBoost,feature_importance,rolling_mean_squared_return_66d,0.0031409473158419132,0.0031409473158419132
asset_specific,XLF,XGBoost,feature_importance,negative_return_dummy_t,0.0,0.0
asset_specific,XLF,XGBoost,feature_importance,squared_return_lag_2,0.0,0.0
asset_specific,XLF,XGBoost,feature_importance,rolling_sum_squared_return_5d,0.0,0.0
asset_specific,XLF,XGBoost,feature_importance,rolling_volatility_5d,0.0,0.0
asset_specific,XLF,XGBoost,feature_importance,rolling_sum_squared_return_22d,0.0,0.0
asset_specific,XLF,XGBoost,feature_importance,rolling_volatility_22d,0.0,0.0
asset_specific,XLF,XGBoost,feature_importance,rolling_sum_squared_return_66d,0.0,0.0
asset_specific,XLF,XGBoost,feature_importance,rolling_volatility_66d,0.0,0.0
asset_specific,XLF,XGBoost,feature_importance,crisis_dummy,0.0,0.0
asset_specific,XLF,XGBoost,feature_importance,post_crisis_dummy,0.0,0.0
asset_specific,XLF,XGBoost,feature_importance,negative_x_crisis,0.0,0.0
asset_specific,XLF,XGBoost,feature_importance,negative_squared_x_crisis,0.0,0.0
pooled,ALL,GradientBoosting,feature_importance,return_lag_5,0.16215040833789382,0.16215040833789382
pooled,ALL,GradientBoosting,feature_importance,rolling_downside_squared_return_22d,0.10376801914305094,0.10376801914305094
pooled,ALL,GradientBoosting,feature_importance,abs_return_lag_5,0.0870537531649214,0.0870537531649214
pooled,ALL,GradientBoosting,feature_importance,squared_return_lag_5,0.08136398052012273,0.08136398052012273
pooled,ALL,GradientBoosting,feature_importance,return_lag_3,0.07586613125670909,0.07586613125670909
pooled,ALL,GradientBoosting,feature_importance,rolling_negative_share_5d,0.07012939941883746,0.07012939941883746
pooled,ALL,GradientBoosting,feature_importance,rolling_abs_return_5d,0.043310286189779584,0.043310286189779584
pooled,ALL,GradientBoosting,feature_importance,rolling_abs_return_22d,0.0388272224261117,0.0388272224261117
pooled,ALL,GradientBoosting,feature_importance,squared_return_lag_10,0.03770231986777714,0.03770231986777714
pooled,ALL,GradientBoosting,feature_importance,return_lag_2,0.036847171971477,0.036847171971477
pooled,ALL,GradientBoosting,feature_importance,return_lag_1,0.034092939193834146,0.034092939193834146
pooled,ALL,GradientBoosting,feature_importance,return_t,0.0317333731923116,0.0317333731923116
pooled,ALL,GradientBoosting,feature_importance,rolling_downside_squared_return_5d,0.029883760958613694,0.029883760958613694
pooled,ALL,GradientBoosting,feature_importance,rolling_sum_squared_return_22d,0.02689633466374244,0.02689633466374244
pooled,ALL,GradientBoosting,feature_importance,rolling_negative_share_22d,0.02363971587575281,0.02363971587575281
pooled,ALL,GradientBoosting,feature_importance,rolling_abs_return_66d,0.011135714371694996,0.011135714371694996
pooled,ALL,GradientBoosting,feature_importance,rolling_mean_squared_return_22d,0.010659043641281039,0.010659043641281039
pooled,ALL,GradientBoosting,feature_importance,rolling_sum_squared_return_5d,0.009087681166130452,0.009087681166130452
pooled,ALL,GradientBoosting,feature_importance,abs_return_lag_3,0.008221742534855537,0.008221742534855537
pooled,ALL,GradientBoosting,feature_importance,squared_return_lag_2,0.008082850455365236,0.008082850455365236
pooled,ALL,GradientBoosting,feature_importance,rolling_sum_squared_return_66d,0.007881959631863174,0.007881959631863174
pooled,ALL,GradientBoosting,feature_importance,abs_return_lag_2,0.006991076218331321,0.006991076218331321
pooled,ALL,GradientBoosting,feature_importance,rolling_volatility_5d,0.0064528370388501595,0.0064528370388501595
pooled,ALL,GradientBoosting,feature_importance,rolling_downside_squared_return_66d,0.006391890987153016,0.006391890987153016
pooled,ALL,GradientBoosting,feature_importance,squared_return_t,0.005911282196251794,0.005911282196251794
pooled,ALL,GradientBoosting,feature_importance,rolling_volatility_22d,0.005768362853984254,0.005768362853984254
pooled,ALL,GradientBoosting,feature_importance,rolling_negative_share_66d,0.005702123705038129,0.005702123705038129
pooled,ALL,GradientBoosting,feature_importance,rolling_mean_squared_return_5d,0.004930372161343553,0.004930372161343553
pooled,ALL,GradientBoosting,feature_importance,rolling_mean_squared_return_66d,0.004500136884924591,0.004500136884924591
pooled,ALL,GradientBoosting,feature_importance,negative_squared_return_t,0.004436632777489505,0.004436632777489505
pooled,ALL,GradientBoosting,feature_importance,abs_return_t,0.004312207991492251,0.004312207991492251
pooled,ALL,GradientBoosting,feature_importance,squared_return_lag_1,0.0019678166907746695,0.0019678166907746695
pooled,ALL,GradientBoosting,feature_importance,asset_SPY,0.0019660199912810276,0.0019660199912810276
pooled,ALL,GradientBoosting,feature_importance,squared_return_lag_3,0.0012033920489951818,0.0012033920489951818
pooled,ALL,GradientBoosting,feature_importance,abs_return_lag_1,0.0011320404719646095,0.0011320404719646095
pooled,ALL,GradientBoosting,feature_importance,negative_return_dummy_t,0.0,0.0
pooled,ALL,GradientBoosting,feature_importance,rolling_volatility_66d,0.0,0.0
pooled,ALL,GradientBoosting,feature_importance,crisis_dummy,0.0,0.0
pooled,ALL,GradientBoosting,feature_importance,post_crisis_dummy,0.0,0.0
pooled,ALL,GradientBoosting,feature_importance,negative_x_crisis,0.0,0.0
pooled,ALL,GradientBoosting,feature_importance,negative_squared_x_crisis,0.0,0.0
pooled,ALL,GradientBoosting,feature_importance,asset_KBE,0.0,0.0
pooled,ALL,GradientBoosting,feature_importance,asset_XLF,0.0,0.0
pooled,ALL,GradientBoosting,feature_importance,period_crisis,0.0,0.0
pooled,ALL,GradientBoosting,feature_importance,period_post_crisis,0.0,0.0
pooled,ALL,GradientBoosting,feature_importance,period_pre_crisis,0.0,0.0
pooled,ALL,LightGBM,feature_importance,abs_return_lag_5,198.0,198.0
pooled,ALL,LightGBM,feature_importance,return_lag_5,135.0,135.0
pooled,ALL,LightGBM,feature_importance,squared_return_lag_10,128.0,128.0
pooled,ALL,LightGBM,feature_importance,rolling_downside_squared_return_22d,111.0,111.0
pooled,ALL,LightGBM,feature_importance,return_lag_1,87.0,87.0
pooled,ALL,LightGBM,feature_importance,return_lag_3,87.0,87.0
pooled,ALL,LightGBM,feature_importance,rolling_mean_squared_return_22d,85.0,85.0
pooled,ALL,LightGBM,feature_importance,return_lag_2,66.0,66.0
pooled,ALL,LightGBM,feature_importance,rolling_negative_share_5d,65.0,65.0
pooled,ALL,LightGBM,feature_importance,abs_return_t,63.0,63.0
pooled,ALL,LightGBM,feature_importance,abs_return_lag_2,58.0,58.0
pooled,ALL,LightGBM,feature_importance,return_t,54.0,54.0
pooled,ALL,LightGBM,feature_importance,rolling_abs_return_5d,51.0,51.0
pooled,ALL,LightGBM,feature_importance,rolling_mean_squared_return_5d,47.0,47.0
pooled,ALL,LightGBM,feature_importance,rolling_abs_return_22d,47.0,47.0
pooled,ALL,LightGBM,feature_importance,rolling_mean_squared_return_66d,40.0,40.0
pooled,ALL,LightGBM,feature_importance,rolling_downside_squared_return_5d,40.0,40.0
pooled,ALL,LightGBM,feature_importance,rolling_negative_share_22d,40.0,40.0
pooled,ALL,LightGBM,feature_importance,rolling_negative_share_66d,30.0,30.0
pooled,ALL,LightGBM,feature_importance,abs_return_lag_1,29.0,29.0
pooled,ALL,LightGBM,feature_importance,abs_return_lag_3,26.0,26.0
pooled,ALL,LightGBM,feature_importance,negative_squared_return_t,20.0,20.0
pooled,ALL,LightGBM,feature_importance,rolling_downside_squared_return_66d,19.0,19.0
pooled,ALL,LightGBM,feature_importance,rolling_abs_return_66d,17.0,17.0
pooled,ALL,LightGBM,feature_importance,asset_SPY,17.0,17.0
pooled,ALL,LightGBM,feature_importance,asset_XLF,3.0,3.0
pooled,ALL,LightGBM,feature_importance,squared_return_t,0.0,0.0
pooled,ALL,LightGBM,feature_importance,negative_return_dummy_t,0.0,0.0
pooled,ALL,LightGBM,feature_importance,squared_return_lag_1,0.0,0.0
pooled,ALL,LightGBM,feature_importance,squared_return_lag_2,0.0,0.0
pooled,ALL,LightGBM,feature_importance,squared_return_lag_3,0.0,0.0
pooled,ALL,LightGBM,feature_importance,squared_return_lag_5,0.0,0.0
pooled,ALL,LightGBM,feature_importance,rolling_sum_squared_return_5d,0.0,0.0
pooled,ALL,LightGBM,feature_importance,rolling_volatility_5d,0.0,0.0
pooled,ALL,LightGBM,feature_importance,rolling_sum_squared_return_22d,0.0,0.0
pooled,ALL,LightGBM,feature_importance,rolling_volatility_22d,0.0,0.0
pooled,ALL,LightGBM,feature_importance,rolling_sum_squared_return_66d,0.0,0.0
pooled,ALL,LightGBM,feature_importance,rolling_volatility_66d,0.0,0.0
pooled,ALL,LightGBM,feature_importance,crisis_dummy,0.0,0.0
pooled,ALL,LightGBM,feature_importance,post_crisis_dummy,0.0,0.0
pooled,ALL,LightGBM,feature_importance,negative_x_crisis,0.0,0.0
pooled,ALL,LightGBM,feature_importance,negative_squared_x_crisis,0.0,0.0
pooled,ALL,LightGBM,feature_importance,asset_KBE,0.0,0.0
pooled,ALL,LightGBM,feature_importance,period_crisis,0.0,0.0
pooled,ALL,LightGBM,feature_importance,period_post_crisis,0.0,0.0
pooled,ALL,LightGBM,feature_importance,period_pre_crisis,0.0,0.0
pooled,ALL,RandomForest,feature_importance,rolling_downside_squared_return_22d,0.17327767797895094,0.17327767797895094
pooled,ALL,RandomForest,feature_importance,return_lag_5,0.11950981223233469,0.11950981223233469
pooled,ALL,RandomForest,feature_importance,return_lag_3,0.09693578762670495,0.09693578762670495
pooled,ALL,RandomForest,feature_importance,rolling_negative_share_5d,0.0840917100881317,0.0840917100881317
pooled,ALL,RandomForest,feature_importance,abs_return_lag_5,0.06147453867263754,0.06147453867263754
pooled,ALL,RandomForest,feature_importance,squared_return_lag_5,0.04929500259832932,0.04929500259832932
pooled,ALL,RandomForest,feature_importance,return_lag_1,0.04683957747674043,0.04683957747674043
pooled,ALL,RandomForest,feature_importance,rolling_abs_return_5d,0.046115480472702065,0.046115480472702065
pooled,ALL,RandomForest,feature_importance,squared_return_lag_10,0.03651710906918617,0.03651710906918617
pooled,ALL,RandomForest,feature_importance,rolling_abs_return_66d,0.023422221909839138,0.023422221909839138
pooled,ALL,RandomForest,feature_importance,return_lag_2,0.022203443589284656,0.022203443589284656
pooled,ALL,RandomForest,feature_importance,rolling_downside_squared_return_5d,0.021492285798775514,0.021492285798775514
pooled,ALL,RandomForest,feature_importance,rolling_volatility_22d,0.01775350334602753,0.01775350334602753
pooled,ALL,RandomForest,feature_importance,return_t,0.0171053146347448,0.0171053146347448
pooled,ALL,RandomForest,feature_importance,rolling_abs_return_22d,0.01647394775310886,0.01647394775310886
pooled,ALL,RandomForest,feature_importance,rolling_mean_squared_return_22d,0.015469404632039867,0.015469404632039867
pooled,ALL,RandomForest,feature_importance,rolling_volatility_66d,0.014319940292697625,0.014319940292697625
pooled,ALL,RandomForest,feature_importance,rolling_sum_squared_return_22d,0.012534530608467633,0.012534530608467633
pooled,ALL,RandomForest,feature_importance,rolling_sum_squared_return_5d,0.01241875573684483,0.01241875573684483
pooled,ALL,RandomForest,feature_importance,squared_return_t,0.012202739492163515,0.012202739492163515
pooled,ALL,RandomForest,feature_importance,rolling_mean_squared_return_5d,0.010781402419866786,0.010781402419866786
pooled,ALL,RandomForest,feature_importance,abs_return_t,0.010760017587624064,0.010760017587624064
pooled,ALL,RandomForest,feature_importance,rolling_downside_squared_return_66d,0.010386904841772746,0.010386904841772746
pooled,ALL,RandomForest,feature_importance,rolling_mean_squared_return_66d,0.009212480788927228,0.009212480788927228
pooled,ALL,RandomForest,feature_importance,rolling_sum_squared_return_66d,0.009203908441898145,0.009203908441898145
pooled,ALL,RandomForest,feature_importance,rolling_negative_share_22d,0.008504783403402778,0.008504783403402778
pooled,ALL,RandomForest,feature_importance,negative_squared_return_t,0.007184754544616016,0.007184754544616016
pooled,ALL,RandomForest,feature_importance,rolling_volatility_5d,0.007043930211059104,0.007043930211059104
pooled,ALL,RandomForest,feature_importance,rolling_negative_share_66d,0.00530690354253715,0.00530690354253715
pooled,ALL,RandomForest,feature_importance,squared_return_lag_1,0.004838857375630477,0.004838857375630477
pooled,ALL,RandomForest,feature_importance,abs_return_lag_3,0.004458735362636735,0.004458735362636735
pooled,ALL,RandomForest,feature_importance,abs_return_lag_1,0.004435336223200397,0.004435336223200397
pooled,ALL,RandomForest,feature_importance,squared_return_lag_3,0.003809967157760585,0.003809967157760585
pooled,ALL,RandomForest,feature_importance,squared_return_lag_2,0.0020291557342724986,0.0020291557342724986
pooled,ALL,RandomForest,feature_importance,abs_return_lag_2,0.0017212637205290128,0.0017212637205290128
pooled,ALL,RandomForest,feature_importance,asset_XLF,0.00039049750594078857,0.00039049750594078857
pooled,ALL,RandomForest,feature_importance,asset_KBE,0.00027486214950630015,0.00027486214950630015
pooled,ALL,RandomForest,feature_importance,negative_return_dummy_t,0.0001447152530237844,0.0001447152530237844
pooled,ALL,RandomForest,feature_importance,asset_SPY,5.873972608346915e-05,5.873972608346915e-05
pooled,ALL,RandomForest,feature_importance,crisis_dummy,0.0,0.0
pooled,ALL,RandomForest,feature_importance,post_crisis_dummy,0.0,0.0
pooled,ALL,RandomForest,feature_importance,negative_x_crisis,0.0,0.0
pooled,ALL,RandomForest,feature_importance,negative_squared_x_crisis,0.0,0.0
pooled,ALL,RandomForest,feature_importance,period_crisis,0.0,0.0
pooled,ALL,RandomForest,feature_importance,period_post_crisis,0.0,0.0
pooled,ALL,RandomForest,feature_importance,period_pre_crisis,0.0,0.0
pooled,ALL,Ridge,coefficient,rolling_volatility_22d,0.9828361335688853,0.9828361335688853
pooled,ALL,Ridge,coefficient,rolling_mean_squared_return_22d,-0.3871795437387867,0.3871795437387867
pooled,ALL,Ridge,coefficient,rolling_sum_squared_return_22d,-0.38717954373877544,0.38717954373877544
pooled,ALL,Ridge,coefficient,rolling_volatility_5d,-0.38440658808254613,0.38440658808254613
pooled,ALL,Ridge,coefficient,rolling_abs_return_66d,0.34421569817544834,0.34421569817544834
pooled,ALL,Ridge,coefficient,rolling_sum_squared_return_5d,0.2967460371263317,0.2967460371263317
pooled,ALL,Ridge,coefficient,rolling_mean_squared_return_5d,0.2967460371263115,0.2967460371263115
pooled,ALL,Ridge,coefficient,rolling_downside_squared_return_22d,0.2737958653118541,0.2737958653118541
pooled,ALL,Ridge,coefficient,squared_return_lag_1,-0.2541090568108033,0.2541090568108033
pooled,ALL,Ridge,coefficient,rolling_abs_return_22d,-0.25202701474621925,0.25202701474621925
pooled,ALL,Ridge,coefficient,rolling_mean_squared_return_66d,-0.22438644661406693,0.22438644661406693
pooled,ALL,Ridge,coefficient,rolling_sum_squared_return_66d,-0.2243864466139561,0.2243864466139561
pooled,ALL,Ridge,coefficient,squared_return_lag_3,-0.21812523770805597,0.21812523770805597
pooled,ALL,Ridge,coefficient,rolling_downside_squared_return_66d,0.20276681750069722,0.20276681750069722
pooled,ALL,Ridge,coefficient,rolling_negative_share_66d,-0.19051437857881176,0.19051437857881176
pooled,ALL,Ridge,coefficient,return_lag_3,-0.17005301980674709,0.17005301980674709
pooled,ALL,Ridge,coefficient,squared_return_lag_2,-0.16219607713309014,0.16219607713309014
pooled,ALL,Ridge,coefficient,abs_return_lag_3,0.15455777724372866,0.15455777724372866
pooled,ALL,Ridge,coefficient,return_lag_5,-0.1528752984822602,0.1528752984822602
pooled,ALL,Ridge,coefficient,squared_return_t,-0.14884612365091782,0.14884612365091782
pooled,ALL,Ridge,coefficient,rolling_negative_share_22d,0.12776172770592495,0.12776172770592495
pooled,ALL,Ridge,coefficient,abs_return_lag_1,0.10700721697250318,0.10700721697250318
pooled,ALL,Ridge,coefficient,rolling_negative_share_5d,0.09711609021355014,0.09711609021355014
pooled,ALL,Ridge,coefficient,rolling_downside_squared_return_5d,-0.08835196131673925,0.08835196131673925
pooled,ALL,Ridge,coefficient,rolling_abs_return_5d,-0.08265657915962038,0.08265657915962038
pooled,ALL,Ridge,coefficient,return_lag_1,-0.0661356607170928,0.0661356607170928
pooled,ALL,Ridge,coefficient,negative_squared_return_t,0.06421717466894561,0.06421717466894561
pooled,ALL,Ridge,coefficient,negative_return_dummy_t,0.05971440057850265,0.05971440057850265
pooled,ALL,Ridge,coefficient,asset_SPY,-0.057008938112425446,0.057008938112425446
pooled,ALL,Ridge,coefficient,rolling_volatility_66d,-0.03490750895967714,0.03490750895967714
pooled,ALL,Ridge,coefficient,abs_return_lag_5,-0.03412965959007993,0.03412965959007993
pooled,ALL,Ridge,coefficient,asset_XLF,0.0299295817234481,0.0299295817234481
pooled,ALL,Ridge,coefficient,asset_KBE,0.02707935638894222,0.02707935638894222
pooled,ALL,Ridge,coefficient,return_t,-0.02282866386129391,0.02282866386129391
pooled,ALL,Ridge,coefficient,abs_return_t,-0.0210916229564997,0.0210916229564997
pooled,ALL,Ridge,coefficient,abs_return_lag_2,0.017347437623552696,0.017347437623552696
pooled,ALL,Ridge,coefficient,return_lag_2,-0.0102533763974576,0.0102533763974576
pooled,ALL,Ridge,coefficient,squared_return_lag_10,0.00926996746305921,0.00926996746305921
pooled,ALL,Ridge,coefficient,squared_return_lag_5,0.009241174384102548,0.009241174384102548
pooled,ALL,Ridge,coefficient,crisis_dummy,0.0,0.0
pooled,ALL,Ridge,coefficient,post_crisis_dummy,0.0,0.0
pooled,ALL,Ridge,coefficient,negative_x_crisis,0.0,0.0
pooled,ALL,Ridge,coefficient,negative_squared_x_crisis,0.0,0.0
pooled,ALL,Ridge,coefficient,period_crisis,0.0,0.0
pooled,ALL,Ridge,coefficient,period_post_crisis,0.0,0.0
pooled,ALL,Ridge,coefficient,period_pre_crisis,0.0,0.0
pooled,ALL,XGBoost,feature_importance,rolling_sum_squared_return_22d,0.1311456710100174,0.1311456710100174
pooled,ALL,XGBoost,feature_importance,rolling_mean_squared_return_66d,0.07937924563884735,0.07937924563884735
pooled,ALL,XGBoost,feature_importance,rolling_mean_squared_return_22d,0.061663489788770676,0.061663489788770676
pooled,ALL,XGBoost,feature_importance,rolling_downside_squared_return_22d,0.04757017642259598,0.04757017642259598
pooled,ALL,XGBoost,feature_importance,negative_squared_return_t,0.045315202325582504,0.045315202325582504
pooled,ALL,XGBoost,feature_importance,squared_return_lag_3,0.04147074744105339,0.04147074744105339
pooled,ALL,XGBoost,feature_importance,rolling_downside_squared_return_66d,0.0404835119843483,0.0404835119843483
pooled,ALL,XGBoost,feature_importance,abs_return_lag_5,0.03911590948700905,0.03911590948700905
pooled,ALL,XGBoost,feature_importance,rolling_negative_share_5d,0.03151310235261917,0.03151310235261917
pooled,ALL,XGBoost,feature_importance,return_lag_5,0.030118538066744804,0.030118538066744804
pooled,ALL,XGBoost,feature_importance,abs_return_lag_1,0.029978008940815926,0.029978008940815926
pooled,ALL,XGBoost,feature_importance,rolling_sum_squared_return_66d,0.029974551871418953,0.029974551871418953
pooled,ALL,XGBoost,feature_importance,rolling_sum_squared_return_5d,0.02987280674278736,0.02987280674278736
pooled,ALL,XGBoost,feature_importance,squared_return_lag_5,0.02916864864528179,0.02916864864528179
pooled,ALL,XGBoost,feature_importance,rolling_abs_return_66d,0.028483174741268158,0.028483174741268158
pooled,ALL,XGBoost,feature_importance,return_lag_2,0.025618553161621094,0.025618553161621094
pooled,ALL,XGBoost,feature_importance,return_lag_3,0.023948362097144127,0.023948362097144127
pooled,ALL,XGBoost,feature_importance,rolling_abs_return_22d,0.021828925237059593,0.021828925237059593
pooled,ALL,XGBoost,feature_importance,rolling_downside_squared_return_5d,0.021553384140133858,0.021553384140133858
pooled,ALL,XGBoost,feature_importance,return_lag_1,0.020674709230661392,0.020674709230661392
pooled,ALL,XGBoost,feature_importance,rolling_mean_squared_return_5d,0.02064540982246399,0.02064540982246399
pooled,ALL,XGBoost,feature_importance,abs_return_lag_3,0.019786182790994644,0.019786182790994644
pooled,ALL,XGBoost,feature_importance,return_t,0.019425351172685623,0.019425351172685623
pooled,ALL,XGBoost,feature_importance,squared_return_lag_10,0.01942283660173416,0.01942283660173416
pooled,ALL,XGBoost,feature_importance,rolling_negative_share_22d,0.018458694219589233,0.018458694219589233
pooled,ALL,XGBoost,feature_importance,abs_return_t,0.015191102400422096,0.015191102400422096
pooled,ALL,XGBoost,feature_importance,rolling_abs_return_5d,0.015112290158867836,0.015112290158867836
pooled,ALL,XGBoost,feature_importance,abs_return_lag_2,0.012350515462458134,0.012350515462458134
pooled,ALL,XGBoost,feature_importance,squared_return_t,0.012318531982600689,0.012318531982600689
pooled,ALL,XGBoost,feature_importance,rolling_negative_share_66d,0.010652052238583565,0.010652052238583565
pooled,ALL,XGBoost,feature_importance,asset_SPY,0.010021037422120571,0.010021037422120571
pooled,ALL,XGBoost,feature_importance,asset_XLF,0.00956454686820507,0.00956454686820507
pooled,ALL,XGBoost,feature_importance,squared_return_lag_1,0.008174889720976353,0.008174889720976353
pooled,ALL,XGBoost,feature_importance,negative_return_dummy_t,0.0,0.0
pooled,ALL,XGBoost,feature_importance,squared_return_lag_2,0.0,0.0
pooled,ALL,XGBoost,feature_importance,rolling_volatility_5d,0.0,0.0
pooled,ALL,XGBoost,feature_importance,rolling_volatility_22d,0.0,0.0
pooled,ALL,XGBoost,feature_importance,rolling_volatility_66d,0.0,0.0
pooled,ALL,XGBoost,feature_importance,crisis_dummy,0.0,0.0
pooled,ALL,XGBoost,feature_importance,post_crisis_dummy,0.0,0.0
pooled,ALL,XGBoost,feature_importance,negative_x_crisis,0.0,0.0
pooled,ALL,XGBoost,feature_importance,negative_squared_x_crisis,0.0,0.0
pooled,ALL,XGBoost,feature_importance,asset_KBE,0.0,0.0
pooled,ALL,XGBoost,feature_importance,period_crisis,0.0,0.0
pooled,ALL,XGBoost,feature_importance,period_post_crisis,0.0,0.0
pooled,ALL,XGBoost,feature_importance,period_pre_crisis,0.0,0.0
