Asset,scope,model,feature,importance,importance_window_end
KBE,asset_specific_rolling,Ridge,rolling_volatility_22d,0.09543786549452588,2012-12-27
KBE,asset_specific_rolling,Ridge,rolling_downside_squared_return_66d,0.088431440790268,2012-12-27
KBE,asset_specific_rolling,Ridge,rolling_abs_return_5d,0.07777814859328085,2012-12-27
KBE,asset_specific_rolling,Ridge,rolling_abs_return_66d,0.06441641633138279,2012-12-27
KBE,asset_specific_rolling,Ridge,squared_return_lag_3,0.06283165521880336,2012-12-27
KBE,asset_specific_rolling,Ridge,squared_return_lag_1,0.06027921047863297,2012-12-27
KBE,asset_specific_rolling,Ridge,abs_return_lag_3,0.057333896539712596,2012-12-27
KBE,asset_specific_rolling,Ridge,negative_squared_return_t,0.046459351609689274,2012-12-27
KBE,asset_specific_rolling,Ridge,rolling_volatility_5d,0.04621792242848422,2012-12-27
KBE,asset_specific_rolling,Ridge,rolling_abs_return_22d,0.04370014221878304,2012-12-27
KBE,asset_specific_rolling,Ridge,rolling_downside_squared_return_5d,0.043570541416879716,2012-12-27
KBE,asset_specific_rolling,Ridge,rolling_sum_squared_return_22d,0.038617276027292056,2012-12-27
KBE,asset_specific_rolling,Ridge,rolling_mean_squared_return_22d,0.03861727602728958,2012-12-27
KBE,asset_specific_rolling,Ridge,rolling_volatility_66d,0.024375749926351685,2012-12-27
KBE,asset_specific_rolling,Ridge,squared_return_t,0.02362232668865461,2012-12-27
KBE,asset_specific_rolling,Ridge,rolling_mean_squared_return_5d,0.020229761899698228,2012-12-27
KBE,asset_specific_rolling,Ridge,rolling_sum_squared_return_5d,0.0202297618996699,2012-12-27
KBE,asset_specific_rolling,Ridge,squared_return_lag_5,0.02001340378676718,2012-12-27
KBE,asset_specific_rolling,Ridge,return_t,0.0199311362967187,2012-12-27
KBE,asset_specific_rolling,Ridge,rolling_downside_squared_return_22d,0.01594049532311656,2012-12-27
KBE,asset_specific_rolling,Ridge,return_lag_1,0.013736169923989164,2012-12-27
KBE,asset_specific_rolling,Ridge,return_lag_5,0.011117158817384133,2012-12-27
KBE,asset_specific_rolling,Ridge,rolling_negative_share_22d,0.010391627709968952,2012-12-27
KBE,asset_specific_rolling,Ridge,negative_return_dummy_t,0.008996543009314588,2012-12-27
KBE,asset_specific_rolling,Ridge,rolling_negative_share_5d,0.00826015226570285,2012-12-27
KBE,asset_specific_rolling,Ridge,abs_return_lag_5,0.007902790982031196,2012-12-27
KBE,asset_specific_rolling,Ridge,abs_return_lag_2,0.007839003131540059,2012-12-27
KBE,asset_specific_rolling,Ridge,squared_return_lag_10,0.005602124925469887,2012-12-27
KBE,asset_specific_rolling,Ridge,abs_return_t,0.005019159270678509,2012-12-27
KBE,asset_specific_rolling,Ridge,abs_return_lag_1,0.004632457631474745,2012-12-27
KBE,asset_specific_rolling,Ridge,rolling_negative_share_66d,0.004108757551807564,2012-12-27
KBE,asset_specific_rolling,Ridge,return_lag_3,0.0016690168487137776,2012-12-27
KBE,asset_specific_rolling,Ridge,return_lag_2,0.0012178284493402297,2012-12-27
KBE,asset_specific_rolling,Ridge,rolling_sum_squared_return_66d,0.0006932587002695768,2012-12-27
KBE,asset_specific_rolling,Ridge,rolling_mean_squared_return_66d,0.0006932587002694031,2012-12-27
KBE,asset_specific_rolling,Ridge,squared_return_lag_2,8.691308604418005e-05,2012-12-27
KBE,asset_specific_rolling,Ridge,crisis_dummy,0.0,2012-12-27
KBE,asset_specific_rolling,Ridge,post_crisis_dummy,0.0,2012-12-27
KBE,asset_specific_rolling,Ridge,negative_x_crisis,0.0,2012-12-27
KBE,asset_specific_rolling,Ridge,negative_squared_x_crisis,0.0,2012-12-27
KBE,asset_specific_rolling,RandomForest,rolling_downside_squared_return_22d,0.26326962274772475,2012-12-27
KBE,asset_specific_rolling,RandomForest,rolling_negative_share_66d,0.09819095990475762,2012-12-27
KBE,asset_specific_rolling,RandomForest,rolling_downside_squared_return_5d,0.0918502224991949,2012-12-27
KBE,asset_specific_rolling,RandomForest,rolling_downside_squared_return_66d,0.07306585122056583,2012-12-27
KBE,asset_specific_rolling,RandomForest,rolling_abs_return_22d,0.06898673259706369,2012-12-27
KBE,asset_specific_rolling,RandomForest,return_lag_1,0.04782546221745156,2012-12-27
KBE,asset_specific_rolling,RandomForest,rolling_sum_squared_return_22d,0.0344188389003071,2012-12-27
KBE,asset_specific_rolling,RandomForest,rolling_mean_squared_return_22d,0.031998516472815944,2012-12-27
KBE,asset_specific_rolling,RandomForest,squared_return_lag_1,0.03178464189305918,2012-12-27
KBE,asset_specific_rolling,RandomForest,rolling_negative_share_22d,0.03036643025205902,2012-12-27
KBE,asset_specific_rolling,RandomForest,abs_return_lag_1,0.028381563336441522,2012-12-27
KBE,asset_specific_rolling,RandomForest,rolling_volatility_22d,0.027649641241815657,2012-12-27
KBE,asset_specific_rolling,RandomForest,return_lag_5,0.023072505306511885,2012-12-27
KBE,asset_specific_rolling,RandomForest,return_lag_3,0.019746373429126315,2012-12-27
KBE,asset_specific_rolling,RandomForest,return_lag_2,0.012258511466610675,2012-12-27
KBE,asset_specific_rolling,RandomForest,rolling_mean_squared_return_66d,0.009771334403837158,2012-12-27
KBE,asset_specific_rolling,RandomForest,rolling_abs_return_5d,0.009333749963082956,2012-12-27
KBE,asset_specific_rolling,RandomForest,return_t,0.008765958930084364,2012-12-27
KBE,asset_specific_rolling,RandomForest,abs_return_lag_5,0.008717241961303333,2012-12-27
KBE,asset_specific_rolling,RandomForest,rolling_volatility_66d,0.0073661642087857575,2012-12-27
KBE,asset_specific_rolling,RandomForest,abs_return_lag_2,0.007075321692778134,2012-12-27
KBE,asset_specific_rolling,RandomForest,rolling_volatility_5d,0.006892952347709617,2012-12-27
KBE,asset_specific_rolling,RandomForest,abs_return_t,0.006875616362672188,2012-12-27
KBE,asset_specific_rolling,RandomForest,negative_squared_return_t,0.0063313450892243574,2012-12-27
KBE,asset_specific_rolling,RandomForest,rolling_abs_return_66d,0.006167191051439302,2012-12-27
KBE,asset_specific_rolling,RandomForest,abs_return_lag_3,0.005830927612422622,2012-12-27
KBE,asset_specific_rolling,RandomForest,squared_return_lag_5,0.005119493988919005,2012-12-27
KBE,asset_specific_rolling,RandomForest,rolling_sum_squared_return_5d,0.00492558726456369,2012-12-27
KBE,asset_specific_rolling,RandomForest,squared_return_lag_3,0.004900878501960601,2012-12-27
KBE,asset_specific_rolling,RandomForest,squared_return_t,0.004889002042068611,2012-12-27
KBE,asset_specific_rolling,RandomForest,squared_return_lag_2,0.004247163530780492,2012-12-27
KBE,asset_specific_rolling,RandomForest,squared_return_lag_10,0.00414349653470668,2012-12-27
KBE,asset_specific_rolling,RandomForest,rolling_mean_squared_return_5d,0.0025717557700771945,2012-12-27
KBE,asset_specific_rolling,RandomForest,rolling_sum_squared_return_66d,0.0016240131930097428,2012-12-27
KBE,asset_specific_rolling,RandomForest,rolling_negative_share_5d,0.0015849320650685886,2012-12-27
KBE,asset_specific_rolling,RandomForest,negative_return_dummy_t,0.0,2012-12-27
KBE,asset_specific_rolling,RandomForest,crisis_dummy,0.0,2012-12-27
KBE,asset_specific_rolling,RandomForest,post_crisis_dummy,0.0,2012-12-27
KBE,asset_specific_rolling,RandomForest,negative_x_crisis,0.0,2012-12-27
KBE,asset_specific_rolling,RandomForest,negative_squared_x_crisis,0.0,2012-12-27
KBE,asset_specific_rolling,GradientBoosting,rolling_negative_share_22d,0.37955830374642324,2012-12-27
KBE,asset_specific_rolling,GradientBoosting,rolling_downside_squared_return_66d,0.15119455243661611,2012-12-27
KBE,asset_specific_rolling,GradientBoosting,rolling_downside_squared_return_5d,0.0904887704706466,2012-12-27
KBE,asset_specific_rolling,GradientBoosting,rolling_abs_return_22d,0.07347981709571885,2012-12-27
KBE,asset_specific_rolling,GradientBoosting,return_lag_1,0.05942484262180006,2012-12-27
KBE,asset_specific_rolling,GradientBoosting,return_lag_3,0.04814665939422185,2012-12-27
KBE,asset_specific_rolling,GradientBoosting,squared_return_lag_1,0.037110394741947744,2012-12-27
KBE,asset_specific_rolling,GradientBoosting,rolling_downside_squared_return_22d,0.025935873109072263,2012-12-27
KBE,asset_specific_rolling,GradientBoosting,abs_return_lag_1,0.017987334025638322,2012-12-27
KBE,asset_specific_rolling,GradientBoosting,squared_return_lag_3,0.01707603498636935,2012-12-27
KBE,asset_specific_rolling,GradientBoosting,squared_return_lag_2,0.01372380549669869,2012-12-27
KBE,asset_specific_rolling,GradientBoosting,abs_return_lag_5,0.013045919517899941,2012-12-27
KBE,asset_specific_rolling,GradientBoosting,abs_return_lag_3,0.012610122667203698,2012-12-27
KBE,asset_specific_rolling,GradientBoosting,return_lag_2,0.011243494110933066,2012-12-27
KBE,asset_specific_rolling,GradientBoosting,squared_return_lag_5,0.009877228733648985,2012-12-27
KBE,asset_specific_rolling,GradientBoosting,squared_return_lag_10,0.009245444664333819,2012-12-27
KBE,asset_specific_rolling,GradientBoosting,abs_return_lag_2,0.008894972008774987,2012-12-27
KBE,asset_specific_rolling,GradientBoosting,return_lag_5,0.005437140488639919,2012-12-27
KBE,asset_specific_rolling,GradientBoosting,rolling_mean_squared_return_66d,0.004932138451012522,2012-12-27
KBE,asset_specific_rolling,GradientBoosting,rolling_negative_share_66d,0.004916227481163426,2012-12-27
KBE,asset_specific_rolling,GradientBoosting,rolling_mean_squared_return_22d,0.002325086533367617,2012-12-27
KBE,asset_specific_rolling,GradientBoosting,squared_return_t,0.0015051265100894597,2012-12-27
KBE,asset_specific_rolling,GradientBoosting,rolling_sum_squared_return_22d,0.0014169139364034239,2012-12-27
KBE,asset_specific_rolling,GradientBoosting,abs_return_t,0.00042379677137603764,2012-12-27
KBE,asset_specific_rolling,GradientBoosting,return_t,0.0,2012-12-27
KBE,asset_specific_rolling,GradientBoosting,negative_return_dummy_t,0.0,2012-12-27
KBE,asset_specific_rolling,GradientBoosting,negative_squared_return_t,0.0,2012-12-27
KBE,asset_specific_rolling,GradientBoosting,rolling_mean_squared_return_5d,0.0,2012-12-27
KBE,asset_specific_rolling,GradientBoosting,rolling_sum_squared_return_5d,0.0,2012-12-27
KBE,asset_specific_rolling,GradientBoosting,rolling_volatility_5d,0.0,2012-12-27
KBE,asset_specific_rolling,GradientBoosting,rolling_abs_return_5d,0.0,2012-12-27
KBE,asset_specific_rolling,GradientBoosting,rolling_volatility_22d,0.0,2012-12-27
KBE,asset_specific_rolling,GradientBoosting,rolling_sum_squared_return_66d,0.0,2012-12-27
KBE,asset_specific_rolling,GradientBoosting,rolling_volatility_66d,0.0,2012-12-27
KBE,asset_specific_rolling,GradientBoosting,rolling_abs_return_66d,0.0,2012-12-27
KBE,asset_specific_rolling,GradientBoosting,rolling_negative_share_5d,0.0,2012-12-27
KBE,asset_specific_rolling,GradientBoosting,crisis_dummy,0.0,2012-12-27
KBE,asset_specific_rolling,GradientBoosting,post_crisis_dummy,0.0,2012-12-27
KBE,asset_specific_rolling,GradientBoosting,negative_x_crisis,0.0,2012-12-27
KBE,asset_specific_rolling,GradientBoosting,negative_squared_x_crisis,0.0,2012-12-27
KBE,asset_specific_rolling,XGBoost,rolling_mean_squared_return_66d,0.1274614830405,2012-12-27
KBE,asset_specific_rolling,XGBoost,rolling_sum_squared_return_22d,0.10143489782656381,2012-12-27
KBE,asset_specific_rolling,XGBoost,squared_return_lag_10,0.09050674341249265,2012-12-27
KBE,asset_specific_rolling,XGBoost,rolling_negative_share_22d,0.06743837408599679,2012-12-27
KBE,asset_specific_rolling,XGBoost,rolling_abs_return_22d,0.05284536461632944,2012-12-27
KBE,asset_specific_rolling,XGBoost,negative_squared_return_t,0.0513262358773861,2012-12-27
KBE,asset_specific_rolling,XGBoost,return_lag_3,0.047622950725585644,2012-12-27
KBE,asset_specific_rolling,XGBoost,rolling_sum_squared_return_5d,0.037393601193869905,2012-12-27
KBE,asset_specific_rolling,XGBoost,rolling_downside_squared_return_66d,0.036591240687795436,2012-12-27
KBE,asset_specific_rolling,XGBoost,rolling_mean_squared_return_22d,0.0363151929407199,2012-12-27
KBE,asset_specific_rolling,XGBoost,rolling_downside_squared_return_5d,0.03578640286357675,2012-12-27
KBE,asset_specific_rolling,XGBoost,rolling_negative_share_66d,0.033452530753128255,2012-12-27
KBE,asset_specific_rolling,XGBoost,return_lag_1,0.026937558425505343,2012-12-27
KBE,asset_specific_rolling,XGBoost,rolling_mean_squared_return_5d,0.025715517874056466,2012-12-27
KBE,asset_specific_rolling,XGBoost,squared_return_t,0.024059404617608797,2012-12-27
KBE,asset_specific_rolling,XGBoost,rolling_downside_squared_return_22d,0.022736496239495085,2012-12-27
KBE,asset_specific_rolling,XGBoost,abs_return_t,0.02150990152048032,2012-12-27
KBE,asset_specific_rolling,XGBoost,squared_return_lag_1,0.020635676436480666,2012-12-27
KBE,asset_specific_rolling,XGBoost,squared_return_lag_5,0.01724210075619368,2012-12-27
KBE,asset_specific_rolling,XGBoost,return_t,0.016698461671346948,2012-12-27
KBE,asset_specific_rolling,XGBoost,rolling_abs_return_5d,0.015730308976776734,2012-12-27
KBE,asset_specific_rolling,XGBoost,squared_return_lag_2,0.015006756058689558,2012-12-27
KBE,asset_specific_rolling,XGBoost,abs_return_lag_3,0.014543482664557668,2012-12-27
KBE,asset_specific_rolling,XGBoost,abs_return_lag_1,0.013592660021125703,2012-12-27
KBE,asset_specific_rolling,XGBoost,abs_return_lag_5,0.012415595832511063,2012-12-27
KBE,asset_specific_rolling,XGBoost,return_lag_5,0.010033239066954164,2012-12-27
KBE,asset_specific_rolling,XGBoost,abs_return_lag_2,0.008977724586218195,2012-12-27
KBE,asset_specific_rolling,XGBoost,rolling_volatility_22d,0.006715072578448348,2012-12-27
KBE,asset_specific_rolling,XGBoost,rolling_abs_return_66d,0.004827629030073625,2012-12-27
KBE,asset_specific_rolling,XGBoost,return_lag_2,0.004447395619532948,2012-12-27
KBE,asset_specific_rolling,XGBoost,negative_return_dummy_t,0.0,2012-12-27
KBE,asset_specific_rolling,XGBoost,squared_return_lag_3,0.0,2012-12-27
KBE,asset_specific_rolling,XGBoost,rolling_volatility_5d,0.0,2012-12-27
KBE,asset_specific_rolling,XGBoost,rolling_sum_squared_return_66d,0.0,2012-12-27
KBE,asset_specific_rolling,XGBoost,rolling_volatility_66d,0.0,2012-12-27
KBE,asset_specific_rolling,XGBoost,rolling_negative_share_5d,0.0,2012-12-27
KBE,asset_specific_rolling,XGBoost,crisis_dummy,0.0,2012-12-27
KBE,asset_specific_rolling,XGBoost,post_crisis_dummy,0.0,2012-12-27
KBE,asset_specific_rolling,XGBoost,negative_x_crisis,0.0,2012-12-27
KBE,asset_specific_rolling,XGBoost,negative_squared_x_crisis,0.0,2012-12-27
KBE,asset_specific_rolling,LightGBM,abs_return_lag_1,0.16573556797020483,2012-12-27
KBE,asset_specific_rolling,LightGBM,rolling_downside_squared_return_66d,0.14711359404096835,2012-12-27
KBE,asset_specific_rolling,LightGBM,return_lag_3,0.09497206703910614,2012-12-27
KBE,asset_specific_rolling,LightGBM,return_lag_1,0.0893854748603352,2012-12-27
KBE,asset_specific_rolling,LightGBM,rolling_downside_squared_return_22d,0.0670391061452514,2012-12-27
KBE,asset_specific_rolling,LightGBM,rolling_abs_return_22d,0.06517690875232775,2012-12-27
KBE,asset_specific_rolling,LightGBM,rolling_negative_share_22d,0.055865921787709494,2012-12-27
KBE,asset_specific_rolling,LightGBM,abs_return_lag_3,0.04283054003724395,2012-12-27
KBE,asset_specific_rolling,LightGBM,abs_return_lag_2,0.040968342644320296,2012-12-27
KBE,asset_specific_rolling,LightGBM,rolling_downside_squared_return_5d,0.035381750465549346,2012-12-27
KBE,asset_specific_rolling,LightGBM,rolling_mean_squared_return_5d,0.0297951582867784,2012-12-27
KBE,asset_specific_rolling,LightGBM,rolling_negative_share_66d,0.0297951582867784,2012-12-27
KBE,asset_specific_rolling,LightGBM,abs_return_lag_5,0.0260707635009311,2012-12-27
KBE,asset_specific_rolling,LightGBM,return_lag_5,0.0223463687150838,2012-12-27
KBE,asset_specific_rolling,LightGBM,return_t,0.020484171322160148,2012-12-27
KBE,asset_specific_rolling,LightGBM,rolling_abs_return_5d,0.0186219739292365,2012-12-27
KBE,asset_specific_rolling,LightGBM,abs_return_t,0.0111731843575419,2012-12-27
KBE,asset_specific_rolling,LightGBM,squared_return_lag_10,0.0111731843575419,2012-12-27
KBE,asset_specific_rolling,LightGBM,rolling_mean_squared_return_22d,0.00931098696461825,2012-12-27
KBE,asset_specific_rolling,LightGBM,rolling_mean_squared_return_66d,0.0074487895716946,2012-12-27
KBE,asset_specific_rolling,LightGBM,rolling_negative_share_5d,0.00558659217877095,2012-12-27
KBE,asset_specific_rolling,LightGBM,rolling_abs_return_66d,0.0037243947858473,2012-12-27
KBE,asset_specific_rolling,LightGBM,squared_return_t,0.0,2012-12-27
KBE,asset_specific_rolling,LightGBM,negative_return_dummy_t,0.0,2012-12-27
KBE,asset_specific_rolling,LightGBM,negative_squared_return_t,0.0,2012-12-27
KBE,asset_specific_rolling,LightGBM,return_lag_2,0.0,2012-12-27
KBE,asset_specific_rolling,LightGBM,squared_return_lag_1,0.0,2012-12-27
KBE,asset_specific_rolling,LightGBM,squared_return_lag_2,0.0,2012-12-27
KBE,asset_specific_rolling,LightGBM,squared_return_lag_3,0.0,2012-12-27
KBE,asset_specific_rolling,LightGBM,squared_return_lag_5,0.0,2012-12-27
KBE,asset_specific_rolling,LightGBM,rolling_sum_squared_return_5d,0.0,2012-12-27
KBE,asset_specific_rolling,LightGBM,rolling_volatility_5d,0.0,2012-12-27
KBE,asset_specific_rolling,LightGBM,rolling_sum_squared_return_22d,0.0,2012-12-27
KBE,asset_specific_rolling,LightGBM,rolling_volatility_22d,0.0,2012-12-27
KBE,asset_specific_rolling,LightGBM,rolling_sum_squared_return_66d,0.0,2012-12-27
KBE,asset_specific_rolling,LightGBM,rolling_volatility_66d,0.0,2012-12-27
KBE,asset_specific_rolling,LightGBM,crisis_dummy,0.0,2012-12-27
KBE,asset_specific_rolling,LightGBM,post_crisis_dummy,0.0,2012-12-27
KBE,asset_specific_rolling,LightGBM,negative_x_crisis,0.0,2012-12-27
KBE,asset_specific_rolling,LightGBM,negative_squared_x_crisis,0.0,2012-12-27
SPY,asset_specific_rolling,Ridge,rolling_downside_squared_return_66d,0.10058934427062176,2012-12-27
SPY,asset_specific_rolling,Ridge,rolling_volatility_22d,0.07606022209975188,2012-12-27
SPY,asset_specific_rolling,Ridge,rolling_abs_return_22d,0.06400156612501998,2012-12-27
SPY,asset_specific_rolling,Ridge,rolling_volatility_5d,0.06011218240089266,2012-12-27
SPY,asset_specific_rolling,Ridge,squared_return_lag_1,0.05877540937114127,2012-12-27
SPY,asset_specific_rolling,Ridge,rolling_abs_return_5d,0.05429345750450742,2012-12-27
SPY,asset_specific_rolling,Ridge,negative_squared_return_t,0.04849259266169393,2012-12-27
SPY,asset_specific_rolling,Ridge,rolling_downside_squared_return_5d,0.047621520212794505,2012-12-27
SPY,asset_specific_rolling,Ridge,squared_return_lag_3,0.047075606600415376,2012-12-27
SPY,asset_specific_rolling,Ridge,abs_return_lag_3,0.03252798500720847,2012-12-27
SPY,asset_specific_rolling,Ridge,abs_return_lag_1,0.03241436113135596,2012-12-27
SPY,asset_specific_rolling,Ridge,return_t,0.03171364041048355,2012-12-27
SPY,asset_specific_rolling,Ridge,rolling_sum_squared_return_66d,0.02862247579417971,2012-12-27
SPY,asset_specific_rolling,Ridge,rolling_mean_squared_return_66d,0.02862247579416826,2012-12-27
SPY,asset_specific_rolling,Ridge,squared_return_t,0.028345357513468398,2012-12-27
SPY,asset_specific_rolling,Ridge,rolling_downside_squared_return_22d,0.025820905346806425,2012-12-27
SPY,asset_specific_rolling,Ridge,rolling_volatility_66d,0.025143104951717826,2012-12-27
SPY,asset_specific_rolling,Ridge,rolling_abs_return_66d,0.021784342603657934,2012-12-27
SPY,asset_specific_rolling,Ridge,rolling_mean_squared_return_22d,0.02099684585770713,2012-12-27
SPY,asset_specific_rolling,Ridge,rolling_sum_squared_return_22d,0.02099684585768913,2012-12-27
SPY,asset_specific_rolling,Ridge,abs_return_t,0.020634761258741353,2012-12-27
SPY,asset_specific_rolling,Ridge,rolling_sum_squared_return_5d,0.019082763901314432,2012-12-27
SPY,asset_specific_rolling,Ridge,rolling_mean_squared_return_5d,0.0190827639013073,2012-12-27
SPY,asset_specific_rolling,Ridge,return_lag_5,0.015288736238971739,2012-12-27
SPY,asset_specific_rolling,Ridge,negative_return_dummy_t,0.013759254577362715,2012-12-27
SPY,asset_specific_rolling,Ridge,abs_return_lag_2,0.010577519564357377,2012-12-27
SPY,asset_specific_rolling,Ridge,squared_return_lag_2,0.009876581719898803,2012-12-27
SPY,asset_specific_rolling,Ridge,return_lag_1,0.009125189837858065,2012-12-27
SPY,asset_specific_rolling,Ridge,abs_return_lag_5,0.007541229491550654,2012-12-27
SPY,asset_specific_rolling,Ridge,rolling_negative_share_22d,0.0067348191887788835,2012-12-27
SPY,asset_specific_rolling,Ridge,squared_return_lag_10,0.004263977052561225,2012-12-27
SPY,asset_specific_rolling,Ridge,return_lag_3,0.003226045073164661,2012-12-27
SPY,asset_specific_rolling,Ridge,squared_return_lag_5,0.003035360605187576,2012-12-27
SPY,asset_specific_rolling,Ridge,rolling_negative_share_5d,0.00254813737436733,2012-12-27
SPY,asset_specific_rolling,Ridge,rolling_negative_share_66d,0.0006431311510658407,2012-12-27
SPY,asset_specific_rolling,Ridge,return_lag_2,0.0005694875482304192,2012-12-27
SPY,asset_specific_rolling,Ridge,crisis_dummy,0.0,2012-12-27
SPY,asset_specific_rolling,Ridge,post_crisis_dummy,0.0,2012-12-27
SPY,asset_specific_rolling,Ridge,negative_x_crisis,0.0,2012-12-27
SPY,asset_specific_rolling,Ridge,negative_squared_x_crisis,0.0,2012-12-27
SPY,asset_specific_rolling,RandomForest,rolling_downside_squared_return_22d,0.18196669139266808,2012-12-27
SPY,asset_specific_rolling,RandomForest,abs_return_lag_1,0.09853489362019067,2012-12-27
SPY,asset_specific_rolling,RandomForest,return_lag_1,0.09541068951539199,2012-12-27
SPY,asset_specific_rolling,RandomForest,rolling_downside_squared_return_5d,0.09424753593533178,2012-12-27
SPY,asset_specific_rolling,RandomForest,rolling_downside_squared_return_66d,0.07498993611785235,2012-12-27
SPY,asset_specific_rolling,RandomForest,rolling_abs_return_22d,0.06408998844917238,2012-12-27
SPY,asset_specific_rolling,RandomForest,squared_return_lag_1,0.05875519267058147,2012-12-27
SPY,asset_specific_rolling,RandomForest,return_lag_5,0.03976926793467107,2012-12-27
SPY,asset_specific_rolling,RandomForest,rolling_negative_share_66d,0.0365281477515959,2012-12-27
SPY,asset_specific_rolling,RandomForest,rolling_abs_return_66d,0.024268936833663147,2012-12-27
SPY,asset_specific_rolling,RandomForest,rolling_volatility_66d,0.021760520936911085,2012-12-27
SPY,asset_specific_rolling,RandomForest,rolling_mean_squared_return_5d,0.019282283675178136,2012-12-27
SPY,asset_specific_rolling,RandomForest,rolling_negative_share_22d,0.01710879052561793,2012-12-27
SPY,asset_specific_rolling,RandomForest,rolling_mean_squared_return_66d,0.01702532564602358,2012-12-27
SPY,asset_specific_rolling,RandomForest,squared_return_t,0.014658843702430575,2012-12-27
SPY,asset_specific_rolling,RandomForest,rolling_sum_squared_return_22d,0.014377262128211872,2012-12-27
SPY,asset_specific_rolling,RandomForest,rolling_sum_squared_return_5d,0.010583124159530938,2012-12-27
SPY,asset_specific_rolling,RandomForest,squared_return_lag_10,0.010373441843744722,2012-12-27
SPY,asset_specific_rolling,RandomForest,rolling_sum_squared_return_66d,0.009462400618213776,2012-12-27
SPY,asset_specific_rolling,RandomForest,return_lag_3,0.009350197125722087,2012-12-27
SPY,asset_specific_rolling,RandomForest,rolling_mean_squared_return_22d,0.009116215088720474,2012-12-27
SPY,asset_specific_rolling,RandomForest,abs_return_lag_5,0.008744112455414716,2012-12-27
SPY,asset_specific_rolling,RandomForest,rolling_abs_return_5d,0.007912765583734516,2012-12-27
SPY,asset_specific_rolling,RandomForest,squared_return_lag_3,0.0074226188444949815,2012-12-27
SPY,asset_specific_rolling,RandomForest,abs_return_t,0.007097111668719458,2012-12-27
SPY,asset_specific_rolling,RandomForest,rolling_volatility_5d,0.006724903037147528,2012-12-27
SPY,asset_specific_rolling,RandomForest,return_lag_2,0.0061565674374383875,2012-12-27
SPY,asset_specific_rolling,RandomForest,rolling_volatility_22d,0.006009831362973654,2012-12-27
SPY,asset_specific_rolling,RandomForest,abs_return_lag_2,0.005459467859655289,2012-12-27
SPY,asset_specific_rolling,RandomForest,abs_return_lag_3,0.004932230171767823,2012-12-27
SPY,asset_specific_rolling,RandomForest,return_t,0.004828732215144151,2012-12-27
SPY,asset_specific_rolling,RandomForest,squared_return_lag_5,0.004814435255443952,2012-12-27
SPY,asset_specific_rolling,RandomForest,squared_return_lag_2,0.004638828529337741,2012-12-27
SPY,asset_specific_rolling,RandomForest,rolling_negative_share_5d,0.002102731440187033,2012-12-27
SPY,asset_specific_rolling,RandomForest,negative_squared_return_t,0.0014959784671167895,2012-12-27
SPY,asset_specific_rolling,RandomForest,negative_return_dummy_t,0.0,2012-12-27
SPY,asset_specific_rolling,RandomForest,crisis_dummy,0.0,2012-12-27
SPY,asset_specific_rolling,RandomForest,post_crisis_dummy,0.0,2012-12-27
SPY,asset_specific_rolling,RandomForest,negative_x_crisis,0.0,2012-12-27
SPY,asset_specific_rolling,RandomForest,negative_squared_x_crisis,0.0,2012-12-27
SPY,asset_specific_rolling,GradientBoosting,rolling_downside_squared_return_5d,0.25614985435764315,2012-12-27
SPY,asset_specific_rolling,GradientBoosting,rolling_downside_squared_return_22d,0.10227278812909728,2012-12-27
SPY,asset_specific_rolling,GradientBoosting,return_lag_1,0.10008114314934556,2012-12-27
SPY,asset_specific_rolling,GradientBoosting,rolling_abs_return_22d,0.0878244136193511,2012-12-27
SPY,asset_specific_rolling,GradientBoosting,return_lag_5,0.0813887759581057,2012-12-27
SPY,asset_specific_rolling,GradientBoosting,rolling_negative_share_66d,0.06467275224551693,2012-12-27
SPY,asset_specific_rolling,GradientBoosting,squared_return_t,0.042061782589977226,2012-12-27
SPY,asset_specific_rolling,GradientBoosting,abs_return_t,0.027273222817006372,2012-12-27
SPY,asset_specific_rolling,GradientBoosting,abs_return_lag_1,0.026859533359601735,2012-12-27
SPY,asset_specific_rolling,GradientBoosting,rolling_downside_squared_return_66d,0.02679610106290578,2012-12-27
SPY,asset_specific_rolling,GradientBoosting,return_t,0.02255933226506347,2012-12-27
SPY,asset_specific_rolling,GradientBoosting,return_lag_3,0.020957592462018004,2012-12-27
SPY,asset_specific_rolling,GradientBoosting,abs_return_lag_2,0.019286329516816914,2012-12-27
SPY,asset_specific_rolling,GradientBoosting,squared_return_lag_1,0.014779102572153946,2012-12-27
SPY,asset_specific_rolling,GradientBoosting,squared_return_lag_3,0.013550938117335773,2012-12-27
SPY,asset_specific_rolling,GradientBoosting,abs_return_lag_3,0.01248312916053506,2012-12-27
SPY,asset_specific_rolling,GradientBoosting,rolling_mean_squared_return_66d,0.011375538496598878,2012-12-27
SPY,asset_specific_rolling,GradientBoosting,rolling_volatility_66d,0.009886392195965798,2012-12-27
SPY,asset_specific_rolling,GradientBoosting,rolling_negative_share_22d,0.007752020261761328,2012-12-27
SPY,asset_specific_rolling,GradientBoosting,rolling_volatility_5d,0.007028137421677341,2012-12-27
SPY,asset_specific_rolling,GradientBoosting,rolling_abs_return_66d,0.006718743055361723,2012-12-27
SPY,asset_specific_rolling,GradientBoosting,rolling_abs_return_5d,0.006472597870205436,2012-12-27
SPY,asset_specific_rolling,GradientBoosting,rolling_negative_share_5d,0.005539103044682757,2012-12-27
SPY,asset_specific_rolling,GradientBoosting,squared_return_lag_2,0.005311485464668651,2012-12-27
SPY,asset_specific_rolling,GradientBoosting,squared_return_lag_10,0.0053048242718500855,2012-12-27
SPY,asset_specific_rolling,GradientBoosting,rolling_volatility_22d,0.004921110305300407,2012-12-27
SPY,asset_specific_rolling,GradientBoosting,rolling_sum_squared_return_22d,0.0042228839268192535,2012-12-27
SPY,asset_specific_rolling,GradientBoosting,rolling_sum_squared_return_5d,0.0031453985095575947,2012-12-27
SPY,asset_specific_rolling,GradientBoosting,rolling_mean_squared_return_5d,0.0014283934872322244,2012-12-27
SPY,asset_specific_rolling,GradientBoosting,negative_squared_return_t,0.0010196052994788448,2012-12-27
SPY,asset_specific_rolling,GradientBoosting,rolling_sum_squared_return_66d,0.0008769750063657774,2012-12-27
SPY,asset_specific_rolling,GradientBoosting,negative_return_dummy_t,0.0,2012-12-27
SPY,asset_specific_rolling,GradientBoosting,return_lag_2,0.0,2012-12-27
SPY,asset_specific_rolling,GradientBoosting,abs_return_lag_5,0.0,2012-12-27
SPY,asset_specific_rolling,GradientBoosting,squared_return_lag_5,0.0,2012-12-27
SPY,asset_specific_rolling,GradientBoosting,rolling_mean_squared_return_22d,0.0,2012-12-27
SPY,asset_specific_rolling,GradientBoosting,crisis_dummy,0.0,2012-12-27
SPY,asset_specific_rolling,GradientBoosting,post_crisis_dummy,0.0,2012-12-27
SPY,asset_specific_rolling,GradientBoosting,negative_x_crisis,0.0,2012-12-27
SPY,asset_specific_rolling,GradientBoosting,negative_squared_x_crisis,0.0,2012-12-27
SPY,asset_specific_rolling,XGBoost,abs_return_lag_1,0.13781339514116708,2012-12-27
SPY,asset_specific_rolling,XGBoost,rolling_downside_squared_return_5d,0.11030201336251722,2012-12-27
SPY,asset_specific_rolling,XGBoost,squared_return_lag_1,0.10371081970524257,2012-12-27
SPY,asset_specific_rolling,XGBoost,rolling_negative_share_22d,0.05444891236482702,2012-12-27
SPY,asset_specific_rolling,XGBoost,rolling_downside_squared_return_66d,0.04798468033159427,2012-12-27
SPY,asset_specific_rolling,XGBoost,return_lag_1,0.046280430728345735,2012-12-27
SPY,asset_specific_rolling,XGBoost,squared_return_lag_10,0.04536494059870466,2012-12-27
SPY,asset_specific_rolling,XGBoost,rolling_mean_squared_return_22d,0.0421726237226784,2012-12-27
SPY,asset_specific_rolling,XGBoost,rolling_downside_squared_return_22d,0.039451209637364405,2012-12-27
SPY,asset_specific_rolling,XGBoost,rolling_abs_return_22d,0.03467742873152998,2012-12-27
SPY,asset_specific_rolling,XGBoost,rolling_abs_return_5d,0.029884514733911884,2012-12-27
SPY,asset_specific_rolling,XGBoost,abs_return_lag_5,0.02850327389025964,2012-12-27
SPY,asset_specific_rolling,XGBoost,return_lag_5,0.02803687497570907,2012-12-27
SPY,asset_specific_rolling,XGBoost,squared_return_t,0.028003149921207986,2012-12-27
SPY,asset_specific_rolling,XGBoost,rolling_sum_squared_return_22d,0.02654235177457054,2012-12-27
SPY,asset_specific_rolling,XGBoost,return_lag_2,0.022048573012659393,2012-12-27
SPY,asset_specific_rolling,XGBoost,abs_return_t,0.02022127892828378,2012-12-27
SPY,asset_specific_rolling,XGBoost,rolling_negative_share_66d,0.019994017583995872,2012-12-27
SPY,asset_specific_rolling,XGBoost,abs_return_lag_2,0.019561095992131034,2012-12-27
SPY,asset_specific_rolling,XGBoost,squared_return_lag_5,0.016861929341422194,2012-12-27
SPY,asset_specific_rolling,XGBoost,negative_squared_return_t,0.015533960151295352,2012-12-27
SPY,asset_specific_rolling,XGBoost,rolling_mean_squared_return_66d,0.014885958914934778,2012-12-27
SPY,asset_specific_rolling,XGBoost,return_t,0.014293324807981289,2012-12-27
SPY,asset_specific_rolling,XGBoost,rolling_mean_squared_return_5d,0.013348895690752895,2012-12-27
SPY,asset_specific_rolling,XGBoost,return_lag_3,0.012382318790439056,2012-12-27
SPY,asset_specific_rolling,XGBoost,abs_return_lag_3,0.011348931599758926,2012-12-27
SPY,asset_specific_rolling,XGBoost,squared_return_lag_3,0.008629869104045484,2012-12-27
SPY,asset_specific_rolling,XGBoost,rolling_abs_return_66d,0.007713226462669488,2012-12-27
SPY,asset_specific_rolling,XGBoost,negative_return_dummy_t,0.0,2012-12-27
SPY,asset_specific_rolling,XGBoost,squared_return_lag_2,0.0,2012-12-27
SPY,asset_specific_rolling,XGBoost,rolling_sum_squared_return_5d,0.0,2012-12-27
SPY,asset_specific_rolling,XGBoost,rolling_volatility_5d,0.0,2012-12-27
SPY,asset_specific_rolling,XGBoost,rolling_volatility_22d,0.0,2012-12-27
SPY,asset_specific_rolling,XGBoost,rolling_sum_squared_return_66d,0.0,2012-12-27
SPY,asset_specific_rolling,XGBoost,rolling_volatility_66d,0.0,2012-12-27
SPY,asset_specific_rolling,XGBoost,rolling_negative_share_5d,0.0,2012-12-27
SPY,asset_specific_rolling,XGBoost,crisis_dummy,0.0,2012-12-27
SPY,asset_specific_rolling,XGBoost,post_crisis_dummy,0.0,2012-12-27
SPY,asset_specific_rolling,XGBoost,negative_x_crisis,0.0,2012-12-27
SPY,asset_specific_rolling,XGBoost,negative_squared_x_crisis,0.0,2012-12-27
SPY,asset_specific_rolling,LightGBM,rolling_downside_squared_return_66d,0.11481481481481481,2012-12-27
SPY,asset_specific_rolling,LightGBM,rolling_downside_squared_return_22d,0.09444444444444444,2012-12-27
SPY,asset_specific_rolling,LightGBM,abs_return_lag_1,0.08518518518518518,2012-12-27
SPY,asset_specific_rolling,LightGBM,rolling_mean_squared_return_5d,0.07037037037037037,2012-12-27
SPY,asset_specific_rolling,LightGBM,rolling_abs_return_5d,0.07037037037037037,2012-12-27
SPY,asset_specific_rolling,LightGBM,return_lag_5,0.06481481481481481,2012-12-27
SPY,asset_specific_rolling,LightGBM,return_lag_3,0.06296296296296296,2012-12-27
SPY,asset_specific_rolling,LightGBM,rolling_negative_share_66d,0.05740740740740741,2012-12-27
SPY,asset_specific_rolling,LightGBM,return_lag_1,0.05555555555555555,2012-12-27
SPY,asset_specific_rolling,LightGBM,rolling_abs_return_22d,0.053703703703703705,2012-12-27
SPY,asset_specific_rolling,LightGBM,rolling_mean_squared_return_22d,0.04814814814814815,2012-12-27
SPY,asset_specific_rolling,LightGBM,return_t,0.03888888888888889,2012-12-27
SPY,asset_specific_rolling,LightGBM,abs_return_lag_3,0.03333333333333333,2012-12-27
SPY,asset_specific_rolling,LightGBM,rolling_negative_share_22d,0.03333333333333333,2012-12-27
SPY,asset_specific_rolling,LightGBM,abs_return_t,0.025925925925925925,2012-12-27
SPY,asset_specific_rolling,LightGBM,squared_return_lag_10,0.020370370370370372,2012-12-27
SPY,asset_specific_rolling,LightGBM,rolling_downside_squared_return_5d,0.016666666666666666,2012-12-27
SPY,asset_specific_rolling,LightGBM,abs_return_lag_5,0.014814814814814815,2012-12-27
SPY,asset_specific_rolling,LightGBM,rolling_mean_squared_return_66d,0.014814814814814815,2012-12-27
SPY,asset_specific_rolling,LightGBM,rolling_abs_return_66d,0.011111111111111112,2012-12-27
SPY,asset_specific_rolling,LightGBM,abs_return_lag_2,0.007407407407407408,2012-12-27
SPY,asset_specific_rolling,LightGBM,return_lag_2,0.003703703703703704,2012-12-27
SPY,asset_specific_rolling,LightGBM,rolling_negative_share_5d,0.001851851851851852,2012-12-27
SPY,asset_specific_rolling,LightGBM,squared_return_t,0.0,2012-12-27
SPY,asset_specific_rolling,LightGBM,negative_return_dummy_t,0.0,2012-12-27
SPY,asset_specific_rolling,LightGBM,negative_squared_return_t,0.0,2012-12-27
SPY,asset_specific_rolling,LightGBM,squared_return_lag_1,0.0,2012-12-27
SPY,asset_specific_rolling,LightGBM,squared_return_lag_2,0.0,2012-12-27
SPY,asset_specific_rolling,LightGBM,squared_return_lag_3,0.0,2012-12-27
SPY,asset_specific_rolling,LightGBM,squared_return_lag_5,0.0,2012-12-27
SPY,asset_specific_rolling,LightGBM,rolling_sum_squared_return_5d,0.0,2012-12-27
SPY,asset_specific_rolling,LightGBM,rolling_volatility_5d,0.0,2012-12-27
SPY,asset_specific_rolling,LightGBM,rolling_sum_squared_return_22d,0.0,2012-12-27
SPY,asset_specific_rolling,LightGBM,rolling_volatility_22d,0.0,2012-12-27
SPY,asset_specific_rolling,LightGBM,rolling_sum_squared_return_66d,0.0,2012-12-27
SPY,asset_specific_rolling,LightGBM,rolling_volatility_66d,0.0,2012-12-27
SPY,asset_specific_rolling,LightGBM,crisis_dummy,0.0,2012-12-27
SPY,asset_specific_rolling,LightGBM,post_crisis_dummy,0.0,2012-12-27
SPY,asset_specific_rolling,LightGBM,negative_x_crisis,0.0,2012-12-27
SPY,asset_specific_rolling,LightGBM,negative_squared_x_crisis,0.0,2012-12-27
XLF,asset_specific_rolling,Ridge,rolling_volatility_22d,0.10333749975940149,2012-12-27
XLF,asset_specific_rolling,Ridge,rolling_downside_squared_return_66d,0.09109709866130938,2012-12-27
XLF,asset_specific_rolling,Ridge,negative_squared_return_t,0.070948862642496,2012-12-27
XLF,asset_specific_rolling,Ridge,rolling_abs_return_5d,0.06124625595959161,2012-12-27
XLF,asset_specific_rolling,Ridge,squared_return_lag_1,0.06115880221782825,2012-12-27
XLF,asset_specific_rolling,Ridge,rolling_abs_return_22d,0.057996466319136616,2012-12-27
XLF,asset_specific_rolling,Ridge,squared_return_lag_3,0.05664852975143927,2012-12-27
XLF,asset_specific_rolling,Ridge,abs_return_lag_3,0.047122899730042044,2012-12-27
XLF,asset_specific_rolling,Ridge,rolling_downside_squared_return_5d,0.04513555740466569,2012-12-27
XLF,asset_specific_rolling,Ridge,rolling_sum_squared_return_22d,0.04047929977062993,2012-12-27
XLF,asset_specific_rolling,Ridge,rolling_mean_squared_return_22d,0.040479299770618,2012-12-27
XLF,asset_specific_rolling,Ridge,rolling_volatility_5d,0.030636594054642193,2012-12-27
XLF,asset_specific_rolling,Ridge,rolling_abs_return_66d,0.0302771108363321,2012-12-27
XLF,asset_specific_rolling,Ridge,return_t,0.029988063089367217,2012-12-27
XLF,asset_specific_rolling,Ridge,rolling_downside_squared_return_22d,0.029235639335984224,2012-12-27
XLF,asset_specific_rolling,Ridge,squared_return_t,0.028373641769193544,2012-12-27
XLF,asset_specific_rolling,Ridge,squared_return_lag_2,0.016049522185014348,2012-12-27
XLF,asset_specific_rolling,Ridge,squared_return_lag_5,0.01571926459658654,2012-12-27
XLF,asset_specific_rolling,Ridge,abs_return_lag_2,0.015421072835460424,2012-12-27
XLF,asset_specific_rolling,Ridge,rolling_sum_squared_return_5d,0.012953204983568764,2012-12-27
XLF,asset_specific_rolling,Ridge,rolling_mean_squared_return_5d,0.012953204983565022,2012-12-27
XLF,asset_specific_rolling,Ridge,return_lag_5,0.012531842639331062,2012-12-27
XLF,asset_specific_rolling,Ridge,return_lag_1,0.01210062374405386,2012-12-27
XLF,asset_specific_rolling,Ridge,rolling_volatility_66d,0.010065328736622962,2012-12-27
XLF,asset_specific_rolling,Ridge,abs_return_lag_1,0.009908894087967824,2012-12-27
XLF,asset_specific_rolling,Ridge,abs_return_lag_5,0.00811503211442742,2012-12-27
XLF,asset_specific_rolling,Ridge,squared_return_lag_10,0.007932241760569338,2012-12-27
XLF,asset_specific_rolling,Ridge,rolling_negative_share_22d,0.007813612808193393,2012-12-27
XLF,asset_specific_rolling,Ridge,return_lag_2,0.007511561737619474,2012-12-27
XLF,asset_specific_rolling,Ridge,abs_return_t,0.006439741194578671,2012-12-27
XLF,asset_specific_rolling,Ridge,negative_return_dummy_t,0.006182316617022637,2012-12-27
XLF,asset_specific_rolling,Ridge,return_lag_3,0.0049179491403055975,2012-12-27
XLF,asset_specific_rolling,Ridge,rolling_negative_share_66d,0.004278212565299809,2012-12-27
XLF,asset_specific_rolling,Ridge,rolling_negative_share_5d,0.002834830907176395,2012-12-27
XLF,asset_specific_rolling,Ridge,rolling_mean_squared_return_66d,0.0010549606449888884,2012-12-27
XLF,asset_specific_rolling,Ridge,rolling_sum_squared_return_66d,0.0010549606449700272,2012-12-27
XLF,asset_specific_rolling,Ridge,crisis_dummy,0.0,2012-12-27
XLF,asset_specific_rolling,Ridge,post_crisis_dummy,0.0,2012-12-27
XLF,asset_specific_rolling,Ridge,negative_x_crisis,0.0,2012-12-27
XLF,asset_specific_rolling,Ridge,negative_squared_x_crisis,0.0,2012-12-27
XLF,asset_specific_rolling,RandomForest,rolling_downside_squared_return_22d,0.27604075600665856,2012-12-27
XLF,asset_specific_rolling,RandomForest,rolling_abs_return_22d,0.0910338121964004,2012-12-27
XLF,asset_specific_rolling,RandomForest,rolling_downside_squared_return_5d,0.07814236057252605,2012-12-27
XLF,asset_specific_rolling,RandomForest,rolling_negative_share_22d,0.0605220860135357,2012-12-27
XLF,asset_specific_rolling,RandomForest,rolling_downside_squared_return_66d,0.05470809421208931,2012-12-27
XLF,asset_specific_rolling,RandomForest,squared_return_lag_1,0.05176575027462896,2012-12-27
XLF,asset_specific_rolling,RandomForest,return_lag_1,0.04990232523250719,2012-12-27
XLF,asset_specific_rolling,RandomForest,abs_return_lag_1,0.041628286205492755,2012-12-27
XLF,asset_specific_rolling,RandomForest,rolling_volatility_22d,0.02838120327300245,2012-12-27
XLF,asset_specific_rolling,RandomForest,return_lag_3,0.023788981305354544,2012-12-27
XLF,asset_specific_rolling,RandomForest,rolling_sum_squared_return_22d,0.022714917007115094,2012-12-27
XLF,asset_specific_rolling,RandomForest,rolling_negative_share_66d,0.022701306080661152,2012-12-27
XLF,asset_specific_rolling,RandomForest,rolling_mean_squared_return_22d,0.018755053111716977,2012-12-27
XLF,asset_specific_rolling,RandomForest,return_t,0.01696810478130489,2012-12-27
XLF,asset_specific_rolling,RandomForest,return_lag_5,0.015284760175715423,2012-12-27
XLF,asset_specific_rolling,RandomForest,rolling_mean_squared_return_5d,0.014783002689615254,2012-12-27
XLF,asset_specific_rolling,RandomForest,abs_return_t,0.013319356050741655,2012-12-27
XLF,asset_specific_rolling,RandomForest,rolling_abs_return_5d,0.011839692654722973,2012-12-27
XLF,asset_specific_rolling,RandomForest,squared_return_t,0.010020775078079252,2012-12-27
XLF,asset_specific_rolling,RandomForest,negative_squared_return_t,0.009876894203984597,2012-12-27
XLF,asset_specific_rolling,RandomForest,rolling_volatility_66d,0.009735106297899908,2012-12-27
XLF,asset_specific_rolling,RandomForest,squared_return_lag_10,0.009329689243267998,2012-12-27
XLF,asset_specific_rolling,RandomForest,rolling_volatility_5d,0.008732295236813032,2012-12-27
XLF,asset_specific_rolling,RandomForest,return_lag_2,0.00872588740160926,2012-12-27
XLF,asset_specific_rolling,RandomForest,rolling_sum_squared_return_66d,0.006911670756966591,2012-12-27
XLF,asset_specific_rolling,RandomForest,rolling_sum_squared_return_5d,0.006334786427732761,2012-12-27
XLF,asset_specific_rolling,RandomForest,squared_return_lag_2,0.005954638622856231,2012-12-27
XLF,asset_specific_rolling,RandomForest,rolling_mean_squared_return_66d,0.00573964336093333,2012-12-27
XLF,asset_specific_rolling,RandomForest,rolling_abs_return_66d,0.005622305809226634,2012-12-27
XLF,asset_specific_rolling,RandomForest,squared_return_lag_3,0.00521757006049473,2012-12-27
XLF,asset_specific_rolling,RandomForest,abs_return_lag_2,0.004482272115284455,2012-12-27
XLF,asset_specific_rolling,RandomForest,abs_return_lag_3,0.003854738799334824,2012-12-27
XLF,asset_specific_rolling,RandomForest,abs_return_lag_5,0.003709434579355172,2012-12-27
XLF,asset_specific_rolling,RandomForest,squared_return_lag_5,0.0018078777332242843,2012-12-27
XLF,asset_specific_rolling,RandomForest,rolling_negative_share_5d,0.0016645664291476665,2012-12-27
XLF,asset_specific_rolling,RandomForest,negative_return_dummy_t,0.0,2012-12-27
XLF,asset_specific_rolling,RandomForest,crisis_dummy,0.0,2012-12-27
XLF,asset_specific_rolling,RandomForest,post_crisis_dummy,0.0,2012-12-27
XLF,asset_specific_rolling,RandomForest,negative_x_crisis,0.0,2012-12-27
XLF,asset_specific_rolling,RandomForest,negative_squared_x_crisis,0.0,2012-12-27
XLF,asset_specific_rolling,GradientBoosting,rolling_negative_share_22d,0.20513964329451223,2012-12-27
XLF,asset_specific_rolling,GradientBoosting,rolling_downside_squared_return_66d,0.18223074659675498,2012-12-27
XLF,asset_specific_rolling,GradientBoosting,rolling_downside_squared_return_22d,0.1763208473551971,2012-12-27
XLF,asset_specific_rolling,GradientBoosting,rolling_abs_return_22d,0.13118476154622846,2012-12-27
XLF,asset_specific_rolling,GradientBoosting,squared_return_lag_1,0.061129421291019455,2012-12-27
XLF,asset_specific_rolling,GradientBoosting,rolling_downside_squared_return_5d,0.051722509752200406,2012-12-27
XLF,asset_specific_rolling,GradientBoosting,return_lag_1,0.040456511834956285,2012-12-27
XLF,asset_specific_rolling,GradientBoosting,return_lag_3,0.023518365780436812,2012-12-27
XLF,asset_specific_rolling,GradientBoosting,abs_return_lag_1,0.021735842800491043,2012-12-27
XLF,asset_specific_rolling,GradientBoosting,return_t,0.016093840733472583,2012-12-27
XLF,asset_specific_rolling,GradientBoosting,abs_return_lag_5,0.014478532025879754,2012-12-27
XLF,asset_specific_rolling,GradientBoosting,negative_squared_return_t,0.010091118891639083,2012-12-27
XLF,asset_specific_rolling,GradientBoosting,abs_return_t,0.00953902420436721,2012-12-27
XLF,asset_specific_rolling,GradientBoosting,return_lag_5,0.008171348554454833,2012-12-27
XLF,asset_specific_rolling,GradientBoosting,squared_return_lag_3,0.007748505063386195,2012-12-27
XLF,asset_specific_rolling,GradientBoosting,squared_return_lag_5,0.006994386038618397,2012-12-27
XLF,asset_specific_rolling,GradientBoosting,abs_return_lag_3,0.006857151590748167,2012-12-27
XLF,asset_specific_rolling,GradientBoosting,abs_return_lag_2,0.006165736358081463,2012-12-27
XLF,asset_specific_rolling,GradientBoosting,rolling_negative_share_66d,0.005003385859839723,2012-12-27
XLF,asset_specific_rolling,GradientBoosting,rolling_volatility_5d,0.004701170854164878,2012-12-27
XLF,asset_specific_rolling,GradientBoosting,rolling_mean_squared_return_5d,0.003714083408103908,2012-12-27
XLF,asset_specific_rolling,GradientBoosting,squared_return_lag_2,0.00234002106690599,2012-12-27
XLF,asset_specific_rolling,GradientBoosting,rolling_volatility_22d,0.0012459441971920872,2012-12-27
XLF,asset_specific_rolling,GradientBoosting,rolling_sum_squared_return_22d,0.0010968195893680539,2012-12-27
XLF,asset_specific_rolling,GradientBoosting,rolling_mean_squared_return_22d,0.0008514946800656906,2012-12-27
XLF,asset_specific_rolling,GradientBoosting,rolling_sum_squared_return_5d,0.0005852122165050926,2012-12-27
XLF,asset_specific_rolling,GradientBoosting,rolling_mean_squared_return_66d,0.0005413502777186129,2012-12-27
XLF,asset_specific_rolling,GradientBoosting,squared_return_t,0.000342224137691622,2012-12-27
XLF,asset_specific_rolling,GradientBoosting,negative_return_dummy_t,0.0,2012-12-27
XLF,asset_specific_rolling,GradientBoosting,return_lag_2,0.0,2012-12-27
XLF,asset_specific_rolling,GradientBoosting,squared_return_lag_10,0.0,2012-12-27
XLF,asset_specific_rolling,GradientBoosting,rolling_abs_return_5d,0.0,2012-12-27
XLF,asset_specific_rolling,GradientBoosting,rolling_sum_squared_return_66d,0.0,2012-12-27
XLF,asset_specific_rolling,GradientBoosting,rolling_volatility_66d,0.0,2012-12-27
XLF,asset_specific_rolling,GradientBoosting,rolling_abs_return_66d,0.0,2012-12-27
XLF,asset_specific_rolling,GradientBoosting,rolling_negative_share_5d,0.0,2012-12-27
XLF,asset_specific_rolling,GradientBoosting,crisis_dummy,0.0,2012-12-27
XLF,asset_specific_rolling,GradientBoosting,post_crisis_dummy,0.0,2012-12-27
XLF,asset_specific_rolling,GradientBoosting,negative_x_crisis,0.0,2012-12-27
XLF,asset_specific_rolling,GradientBoosting,negative_squared_x_crisis,0.0,2012-12-27
XLF,asset_specific_rolling,XGBoost,rolling_sum_squared_return_66d,0.14376506916223417,2012-12-27
XLF,asset_specific_rolling,XGBoost,rolling_mean_squared_return_66d,0.09237579498068987,2012-12-27
XLF,asset_specific_rolling,XGBoost,return_lag_2,0.059073132038323,2012-12-27
XLF,asset_specific_rolling,XGBoost,rolling_downside_squared_return_5d,0.054782164092402344,2012-12-27
XLF,asset_specific_rolling,XGBoost,rolling_abs_return_22d,0.052169569719657465,2012-12-27
XLF,asset_specific_rolling,XGBoost,rolling_downside_squared_return_22d,0.05112520699312481,2012-12-27
XLF,asset_specific_rolling,XGBoost,rolling_negative_share_22d,0.04952678932126874,2012-12-27
XLF,asset_specific_rolling,XGBoost,rolling_mean_squared_return_22d,0.046981890920139276,2012-12-27
XLF,asset_specific_rolling,XGBoost,return_lag_1,0.04053846153290942,2012-12-27
XLF,asset_specific_rolling,XGBoost,squared_return_t,0.032980432799686384,2012-12-27
XLF,asset_specific_rolling,XGBoost,abs_return_lag_2,0.03237862336062876,2012-12-27
XLF,asset_specific_rolling,XGBoost,squared_return_lag_1,0.02718417198371695,2012-12-27
XLF,asset_specific_rolling,XGBoost,squared_return_lag_10,0.026392890565112143,2012-12-27
XLF,asset_specific_rolling,XGBoost,abs_return_lag_5,0.026140816948155135,2012-12-27
XLF,asset_specific_rolling,XGBoost,squared_return_lag_2,0.024869122118834738,2012-12-27
XLF,asset_specific_rolling,XGBoost,rolling_mean_squared_return_5d,0.024635445847014353,2012-12-27
XLF,asset_specific_rolling,XGBoost,abs_return_lag_1,0.024032040121150813,2012-12-27
XLF,asset_specific_rolling,XGBoost,rolling_downside_squared_return_66d,0.02315164976346166,2012-12-27
XLF,asset_specific_rolling,XGBoost,rolling_volatility_22d,0.016991074202602877,2012-12-27
XLF,asset_specific_rolling,XGBoost,abs_return_t,0.016452110407456328,2012-12-27
XLF,asset_specific_rolling,XGBoost,return_t,0.015237169441418338,2012-12-27
XLF,asset_specific_rolling,XGBoost,rolling_abs_return_5d,0.014354698509210848,2012-12-27
XLF,asset_specific_rolling,XGBoost,negative_return_dummy_t,0.01212620855366513,2012-12-27
XLF,asset_specific_rolling,XGBoost,rolling_negative_share_66d,0.011280428003608213,2012-12-27
XLF,asset_specific_rolling,XGBoost,rolling_abs_return_66d,0.01126825096160855,2012-12-27
XLF,asset_specific_rolling,XGBoost,rolling_sum_squared_return_5d,0.010678297258279856,2012-12-27
XLF,asset_specific_rolling,XGBoost,squared_return_lag_5,0.009823859134040998,2012-12-27
XLF,asset_specific_rolling,XGBoost,rolling_volatility_66d,0.009553562329259331,2012-12-27
XLF,asset_specific_rolling,XGBoost,rolling_sum_squared_return_22d,0.008406712215586878,2012-12-27
XLF,asset_specific_rolling,XGBoost,return_lag_5,0.008171604501047298,2012-12-27
XLF,asset_specific_rolling,XGBoost,squared_return_lag_3,0.008000453498189775,2012-12-27
XLF,asset_specific_rolling,XGBoost,abs_return_lag_3,0.007778701879965086,2012-12-27
XLF,asset_specific_rolling,XGBoost,negative_squared_return_t,0.0047649235662556915,2012-12-27
XLF,asset_specific_rolling,XGBoost,return_lag_3,0.003008673269294774,2012-12-27
XLF,asset_specific_rolling,XGBoost,rolling_volatility_5d,0.0,2012-12-27
XLF,asset_specific_rolling,XGBoost,rolling_negative_share_5d,0.0,2012-12-27
XLF,asset_specific_rolling,XGBoost,crisis_dummy,0.0,2012-12-27
XLF,asset_specific_rolling,XGBoost,post_crisis_dummy,0.0,2012-12-27
XLF,asset_specific_rolling,XGBoost,negative_x_crisis,0.0,2012-12-27
XLF,asset_specific_rolling,XGBoost,negative_squared_x_crisis,0.0,2012-12-27
XLF,asset_specific_rolling,LightGBM,rolling_downside_squared_return_22d,0.12914485165794065,2012-12-27
XLF,asset_specific_rolling,LightGBM,abs_return_lag_1,0.10645724258289703,2012-12-27
XLF,asset_specific_rolling,LightGBM,rolling_downside_squared_return_5d,0.09598603839441536,2012-12-27
XLF,asset_specific_rolling,LightGBM,rolling_downside_squared_return_66d,0.09424083769633508,2012-12-27
XLF,asset_specific_rolling,LightGBM,return_lag_3,0.06457242582897033,2012-12-27
XLF,asset_specific_rolling,LightGBM,rolling_abs_return_22d,0.06282722513089005,2012-12-27
XLF,asset_specific_rolling,LightGBM,return_lag_1,0.05410122164048865,2012-12-27
XLF,asset_specific_rolling,LightGBM,rolling_mean_squared_return_5d,0.0506108202443281,2012-12-27
XLF,asset_specific_rolling,LightGBM,return_t,0.04712041884816754,2012-12-27
XLF,asset_specific_rolling,LightGBM,rolling_negative_share_22d,0.04712041884816754,2012-12-27
XLF,asset_specific_rolling,LightGBM,rolling_mean_squared_return_22d,0.04013961605584642,2012-12-27
XLF,asset_specific_rolling,LightGBM,return_lag_5,0.038394415357766144,2012-12-27
XLF,asset_specific_rolling,LightGBM,return_lag_2,0.02617801047120419,2012-12-27
XLF,asset_specific_rolling,LightGBM,rolling_negative_share_66d,0.02617801047120419,2012-12-27
XLF,asset_specific_rolling,LightGBM,rolling_mean_squared_return_66d,0.019197207678883072,2012-12-27
XLF,asset_specific_rolling,LightGBM,abs_return_t,0.013961605584642234,2012-12-27
XLF,asset_specific_rolling,LightGBM,squared_return_t,0.013961605584642234,2012-12-27
XLF,asset_specific_rolling,LightGBM,abs_return_lag_2,0.013961605584642234,2012-12-27
XLF,asset_specific_rolling,LightGBM,abs_return_lag_5,0.013961605584642234,2012-12-27
XLF,asset_specific_rolling,LightGBM,rolling_abs_return_5d,0.012216404886561954,2012-12-27
XLF,asset_specific_rolling,LightGBM,rolling_negative_share_5d,0.010471204188481676,2012-12-27
XLF,asset_specific_rolling,LightGBM,squared_return_lag_10,0.008726003490401396,2012-12-27
XLF,asset_specific_rolling,LightGBM,squared_return_lag_3,0.005235602094240838,2012-12-27
XLF,asset_specific_rolling,LightGBM,abs_return_lag_3,0.0034904013961605585,2012-12-27
XLF,asset_specific_rolling,LightGBM,squared_return_lag_5,0.0017452006980802793,2012-12-27
XLF,asset_specific_rolling,LightGBM,negative_return_dummy_t,0.0,2012-12-27
XLF,asset_specific_rolling,LightGBM,negative_squared_return_t,0.0,2012-12-27
XLF,asset_specific_rolling,LightGBM,squared_return_lag_1,0.0,2012-12-27
XLF,asset_specific_rolling,LightGBM,squared_return_lag_2,0.0,2012-12-27
XLF,asset_specific_rolling,LightGBM,rolling_sum_squared_return_5d,0.0,2012-12-27
XLF,asset_specific_rolling,LightGBM,rolling_volatility_5d,0.0,2012-12-27
XLF,asset_specific_rolling,LightGBM,rolling_sum_squared_return_22d,0.0,2012-12-27
XLF,asset_specific_rolling,LightGBM,rolling_volatility_22d,0.0,2012-12-27
XLF,asset_specific_rolling,LightGBM,rolling_sum_squared_return_66d,0.0,2012-12-27
XLF,asset_specific_rolling,LightGBM,rolling_volatility_66d,0.0,2012-12-27
XLF,asset_specific_rolling,LightGBM,rolling_abs_return_66d,0.0,2012-12-27
XLF,asset_specific_rolling,LightGBM,crisis_dummy,0.0,2012-12-27
XLF,asset_specific_rolling,LightGBM,post_crisis_dummy,0.0,2012-12-27
XLF,asset_specific_rolling,LightGBM,negative_x_crisis,0.0,2012-12-27
XLF,asset_specific_rolling,LightGBM,negative_squared_x_crisis,0.0,2012-12-27
